제목,본문
"""SKT 때문에""...발칵 뒤집힌 삼성전자","SKT 사용하는 주요 계열사 임원들에 유심 교체 지시



삼성이 최근 삼성전자를 비롯한 주요 계열사 임원들을 상대로 ""SKT 이용자는 전원 유심을 교체하라""고 공지한 것으로 확인됐다.25일 재계에 따르면 이 같은 지시에 따라 삼성전자 등 계열사 대부분의 임원은 이미 유심을 교체한 것으로 알려졌다.전날에는 계열사별로 유심 교체가 이뤄졌는지 확인 작업도 한 것으로 전해졌다.SK텔레콤이 가입 권고한 '유심보호 서비스'만으로는 정보 유출 우려가 해소되지 않는다고 판단했기 때문으로 보인다.앞서 SK텔레콤은 지난 19일 오후 11시 40분께 해커에 의한 악성 코드로 이용자 유심 관련 일부 정보가 유출된 정황을 확인했다고 22일 밝혔다.유출된 정보는 가입자별 유심을 식별하는 고유식별번호 등인 것으로 알려졌다.해커가 유출된 유심 정보로 복제폰을 만들 수 있다는 우려가 나오면서 SK텔레콤은 T월드에서 무료로 가입할 수 있는 유심보호 서비스에 가입할 것을 권고하기도 했다.유영상 SK텔레콤 대표이사(CEO)는 이날 서울 을지로 SK텔레콤 사옥에서 설명회를 열고 ""SK텔레콤을 믿고 이용해주신 고객 여러분과 사회에 큰 불편과 심려를 끼쳐 드린 점 진심으로 사과드린다""며 ""SK텔레콤을 이용하는 모든 고객을 대상으로 원하는 경우 유심카드를 무료로 교체하는 추가 조치를 시행하겠다""고 했다."
SKT 해킹 사고 터지자…발 빠른 대처 나선 삼성,"사진=한경DB삼성이 해킹 사고가 발생한 SK텔레콤을 이용 중인 삼성전자를 비롯한 주요 계열사 임원들에게 유심(USIM) 교체나 유심보호서비스 가입 등의 조치를 주문했다.25일 재계에 따르면 삼성은 최근 SK텔레콤을 이용한 임원들에게 유심을 교체하거나 유심보호서비스에 가입하라고 공지했다. 유심보호서비스는 타인이 고객의 유심 정보를 복제 또는 탈취해 다른 기기에서 통신 서비스에 접속하는 것을 차단해 주는 서비스다. 또 계열사별로 유심 교체 확인 작업도 이뤄졌다. 회사의 방침에 따라 SK텔레콤을 이용하는 다수의 임원은 유심을 교체했다고 한다.앞서 SK텔레콤은 지난 19일 오후 11시 40분쯤 해커의 악성코드 공격으로 SK텔레콤 가입자의 유심 정보 일부가 유출된 의심 정황을 발견했다고 밝혔다.하지만 국회 과학기술정보방송통신위원회 소속 최수진 국민의힘 의원이 SK텔레콤으로부터 제출받은 자료에 따르면 SK텔레콤은 이달 18일 오후 6시9분에 의도치 않게 데이터가 움직였다는 사실을 처음 인지했다. 같은 날 밤 11시 20분에는 악성코드를 발견하고 해킹 공격을 받았다고 내부적으로 확인했다.유영상 SKT CEO는 이날 서울 을지로 SK텔레콤 사옥에서 열린 고객 정보 보호조치 강화 설명회에서 ""SK텔레콤을 믿고 이용해 주신 고객 여러분과 사회에 큰 불편과 심려를 끼쳐 드린 점에 대해 진심으로 사과드린다""고 고개 숙였다."
"""가장 밝은 TV""…외신도 호평한 삼성전자 OLED TV","美 매체 ""합리적인 가격…TV 중 최고""英 ""높은 화질, 게이밍 기능까지 갖춘 TV""[이데일리 조민정 기자] 삼성전자(005930)는 자사의 2025년형 OLED(유기발광다이오드) TV가 해외 주요 전문 테크 미디어들로부터 연이어 호평을 받았다고 25일 밝혔다.



삼성전자 모델이 지난 7일 삼성 강남에서 진행된 ‘언박스&디스커버 2025’ 행사에 2025년형 삼성 올레드를 소개하고 있다.(사진=삼성전자)올해 삼성전자는 OLED 라인업을 3개 시리즈 14개 모델로 확대해 OLED를 선호하는 소비자에게 선택의 폭을 넓혔다. 특히 SF90 시리즈의 경우 42형부터 83형까지 라인업을 구축했다.영국 IT 전문매체인 테크레이더는 SF95를 “2024 올해의 TV로 선정됐던 전작보다 화질 디테일까지 강화됐다”며 “글레어 프리 기술로 밝은 환경에서도 빛 반사를 줄여주는 부분이 가장 인상 깊다”라고 호평했다. 영국 IT 매체 AV 포럼도 “가격 대비 최고의 QD-OLED TV”라며 베스트 바이(Best Buy)로 선정했다.미국 홈 엔터테인먼트 기기 전문 매체 홈시어터리뷰는 SF95를 ‘에디터스 초이스’로 선정하고 “미니 LED를 압도한 가장 밝은 TV”라며 “전작보다 밝은 화면, 새로운 인공지능(AI) 기능들, 업그레이드된 타이젠 OS를 탑재한 제품”이라고 극찬했다.미국 유명 테크미디어 탐스 가이드는 “높은 밝기와 눈부심 방지 기술, AI 기능, 매우 얇은 디자인 등을 갖춘 삼성 최고의 OLED TV”라며 “원 커넥트 박스를 통해 케이블 관리가 매우 쉬워졌다”라고 극찬했다. 미국 IT 매체 사운드&비전도 “뛰어난 성능과 합리적인 가격으로 리뷰한 TV 중 최고 수준”이라고 호평했다.SF90 모델에 대해서도 미국의 홈 엔터테인먼트 기기 전문 매체 홈시어터리뷰는 “전작보다 성능이 대폭 향상된 2025년 최고의 OLED TV”라고 호평하며 에디터스 초이스로 선정했다.영국의 IT 매체 트러스티드리뷰도 SF90 모델에 대해 테스트 점수 만점을 부여하며 “가격 대비 뛰어난 성능, 높은 화질, 게이밍 기능까지 문제점을 찾기 어려운 제품”이라고 평가했다. 영국 IT 매체 T3는 “OLED TV의 정석을 보여주는 탁월한 화질을 갖춘 제품”이라며 플래티넘 어워드를, 영국 매체 스터프(Stuff)는 “화질, 사운드, 스마트 인터페이스 모두 우수한 제품”이라며 5스타 어워드를 수여했다.2025년형 삼성 OLED는 빛의 반사를 줄여 눈부심을 차단하는 글레어 프리 기능, 저해상도 영상을 4K 급으로 시청할 수 있는 4K AI 업스케일링 Pro 기술 등이 특징이다.AI 스마트 홈 기능을 탑재해 사용자의 생활 패턴이나 집 안 기기 상태, 날씨 및 실내 온도 등을 종합적으로 분석해 사용자 라이프스타일과 집안 환경에 맞는 행동을 제안해준다.홈 모니터링 기능도 새로 적용돼 온디바이스 AI 기반으로 TV의 센서와 카메라를 활용해 실시간으로 집안 보안 상황에 대한 알람을 제공한다. TV가 꺼진 상태에서 이상 움직임이 감지될 경우 사용자의 모바일 기기 또는 다른 TV로 알람을 보낸다."
"삼성전자, '푸드 쇼케이스' 적용 키친핏 맥스 냉장고 출시","[서울=뉴시스]삼성전자가 '푸드 쇼케이스' 도어를 적용한 '비스포크 AI 하이브리드 키친핏 맥스' 냉장고를 선보였다. (사진 = 업체 제공) 2025.04.24. photo@newsis.com  *재판매 및 DB 금지[서울=뉴시스]이현주 기자 = 삼성전자가 키친핏 냉장고 모델 최초로 '푸드 쇼케이스' 도어를 적용한 '비스포크 AI 하이브리드 키친핏 맥스' 신제품을 출시한다고 24일 밝혔다. 이번 신제품은 기존 주방 가구에 빌트인처럼 빈틈없이 설치할 수 있는 '키친핏 맥스' 타입 냉장고에, 음료나 소스 등 자주 사용하는 식재료를 빠르고 쉽게 꺼낼 수 있는 '푸드 쇼케이스' 도어를 탑재했다. 삼성전자는 지난 2월 도어 단열재 두께를 줄이고 내부 수납 공간을 확대한 '키친핏 맥스' 디자인의 냉장고 신제품 라인업을 선보였다. '키친핏 맥스' 디자인이 적용된 냉장고는 좌우 4㎜만 있으면 가구장에 빈틈없이 딱 맞게 설치할 수 있고, 냉장고 문을 90도 이상 활짝 열 수 있다.'비스포크 AI 하이브리드 키친핏 맥스' 냉장고는 다양한 AI 기술이 탑재됐다. 반도체 소자로 내부 온도를 조절해 식품을 더욱 신선하게 보관하는 'AI 하이브리드 쿨링', 음성만으로 냉장고 문을 열거나 온도 조절을 할 수 있는 '빅스비', 식품 관리, 제품 제어부터 사진·음악 감상까지 가능한 'AI 스크린', 냉장고에 들어오고 나가는 식재료를 인식해 편리하게 관리할 수 있도록 돕는 'AI 비전 인사이드' 등이 적용됐다.신제품 출고가는 용량과 색상 등 옵션에 따라 379만~449만원이다. 삼성전자는 신제품 출시에 맞춰 다양한 혜택의 프로모션을 6월30일까지 진행한다．"
"삼성전자, '푸드 쇼케이스' 더한 키친핏 냉장고 첫 출시","편의성 극대화…다양한 AI 기술까지 탑재삼성전자가 '푸드 쇼케이스' 도어를 처음 적용한 키친핏 냉장고 모델을 선보인다.삼성전자는 '비스포크 인공지능(AI) 하이브리드 키친핏 맥스' 신제품을 출시했다고 24일 밝혔다. 기존의 주방 가구와 빈틈없이 설치할 수 있는 '키친핏 맥스' 타입 냉장고에 자주 사용하는 식재료를 쉽게 꺼낼 수 있는 '푸드 쇼케이스' 도어까지 탑재해 편의성을 높인 게 특징이다.



삼성전자가 키친핏 냉장고 모델에 '푸드 쇼케이스' 도어를 처음 적용한 '비스포크 AI 하이브리드 키친핏 맥스' 신제품을 출시했다. 삼성전자앞서 삼성전자는 올해 2월 도어 단열재 두께를 줄이고 내부 수납공간을 확대한 '키친핏 맥스' 디자인의 신제품 라인업을 선보인 바 있다. '키친핏 맥스' 디자인이 적용된 냉장고는 좌우 4㎜만 있으면 가구장에 딱 맞게 설치할 수 있고, 냉장고 문을 90도 이상 활짝 열 수 있다.특히 '비스포크 AI 하이브리드 키친핏 맥스' 냉장고는 다양한 AI 기술로 차원이 다른 편의성을 제공한다는 게 삼성전자의 설명이다. 'AI 가전은 삼성'이라는 공식을 이어나간다는 방침이다.구체적으로 ▲반도체 소자로 내부 온도를 조절해 식품을 더욱 신선하게 보관하는 'AI 하이브리드 쿨링' ▲음성만으로 냉장고 문을 열거나 온도를 조절할 수 있는 '빅스비' ▲식품 관리, 제품 제어부터 사진·음악 감상까지 가능한 'AI 스크린' ▲냉장고에 들어오고 나가는 식재료를 인식해 편리하게 관리할 수 있도록 돕는 'AI 비전 인사이드' 등이 적용됐다.김용훈 삼성전자 한국총괄 상무는 ""키친핏 맥스 신제품은 사용자 편의성을 극대화한 제품""이라며 ""인테리어와 제품 편의성을 모두 중시하는 소비자에게 최적의 선택이 될 것""이라고 했다."
"美 정부 中 규제에...삼성전자 ""의도치 않은 결과 초래"" 입장 전해","미국 상무부 산업안보국(BIS)에 의견서 제출 



삼성전자가 미국 상무부에 제출한 의견서. 미국 연방 정부 웹 사이트[파이낸셜뉴스] 삼성전자가 미국의 대중국 첨단 기술 제재에 대해 ""의도하지 않은 결과를 초래할 수 있다""는 의견을 냈다.   24일 미국 연방 정부 웹 사이트에 따르면 삼성전자는 지난달 13일 미국 상무부 산업안보국(BIS)에 '첨단 반도체 및 집적회로에 대한 추가 실사 조치'에 관한 잠정 최종규칙(IFR) 관련 의견서를 제출했다.   삼성전자는 의견서에서 ""미국의 잠정 최종 규칙이 미국 국가안보를 효과적으로 보호하는 동시에, 의도하지 않은 결과를 초래하고 혁신을 저해할 수 있는 규제 부담을 완화하는 데 목적이 있다""고 했다.   이어 ""삼성전자는 미국 정부와의 지속적인 대화 의지를 밝힌다""며 ""제출한 정보에 대해 추가 논의나 설명이 필요할 경우 협의할 준비가 되어 있다. ""고 덧붙였다.   삼성전자 외에도 미국반도체협회(SIA)와 미국방위산업협회(NDIA), AMAT, KLA 등 미국 장비기업과 중국반도체산업협회(CSIA), 레노보 등 중국 정보기술(IT) 기업 등도 의견을 전달했다. 미 상무부는 의견수렴을 마치고 조만간 최종 규칙을 발표할 가능성이 높다.   앞서 미 상무부는 지난 1월 중순 반도체 파운드리(위탁생산) 기업들에 '고객 정보를 분기별로 미 정부에 보고하라'고 하는 등 규제를 발표했다. 삼성전자는 이와 관련 ""승인된 외주 반도체 패키징 및 테스트 서비스(OSAT) 활용, 승인된 칩 설계자의 처리, 트랜지스터 수의 정의 등 핵심 분야에서 명확한 해석이 필요하다""고 지적했다.   다만 삼성전자 측은 ""이 내용에 대해 확인해줄 수 없다""고 전했다."
"삼성전자, 美에 ""中 반도체 규제, 의도치 않은 결과 초래"" 의견","美 상무부, 파운드리 기업에 고객사 정보 보고 의무화 삼성 파운드리, 中 고객사 영향 우려해 규제 완화 의견 낸 듯



삼성전자가 미국 상무부에 제출한 의견서. ⓒ 뉴스1(서울=뉴스1) 박주평 기자 = 삼성전자(005930)가 미국 정부의 대중국 첨단 반도체 기술 규제와 관련해 ""의도하지 않은 결과를 초래하고 혁신을 저해할 수 있다""는 내용의 의견서를 미국 상부무에 전달한 것으로 확인됐다.25일 미국 연방 규칙 제정 포털에 따르면 삼성전자는 지난달 13일 미국 상무부 산업안보국(BIS)에 '첨단 반도체 및 집적회로에 대한 추가 실사 조치'에 관한 잠정 최종규칙(IFR)에 대해 의견서를 제출했다.미국 상무부는 바이든 대통령 임기 종료 직전인 지난 1월16일 해당 규제를 발표했다. 인공지능(AI) 등 첨단 기술에 필수적인 고성능 반도체가 중국을 포함한 잠재적 적대국이나 단체로 유출·이전되는 것을 막기 위한 목적이다.기존 규정만으로는 중국이 첨단 반도체를 우회적으로 확보하는 것을 막기 충분하지 않다고 보고 공급망에서 실사 의무를 강화한 것이다.특히 파운드리(반도체 위탁 생산) 기업이 첨단 반도체를 생산할 경우 고객사에 대한 정보를 분기별로 미국 상무부에 보고하도록 하는 내용을 담고 있다.세계 2위 파운드리 기업인 삼성전자는 중국 기업도 고객사로 확보한 만큼 관련 규제 부담의 완화를 요구한 것으로 풀이된다. 다만 삼성전자는 ""확인할 수 없다""는 입장을 밝혔다.삼성전자는 의견서에서 ""용어와 적용 범위에 대한 명확한 정의가 중요하다""며 ""특히 승인된 OSAT(외주 반도체 패키징 및 테스트 서비스) 활용, 승인된 칩 설계자의 처리, 트랜지스터 수의 정의 등 여러 핵심 분야에서 명확한 해석이 필요하다""고 지적했다.삼성전자뿐 아니라 미국반도체협회(SIA), AMAT 등 미국 장비기업, 중국반도체산업협회(CSIA) 등도 의견을 전달했다. 미국 상무부는 의견수렴을 마치고 조만간 '최종 규칙'을 발표할 것으로 보인다．"
"삼성전자, 美 정부에 ""中 규제, 의도치 않은 결과 초래"" 입장 전달","美 대중 규제 관련 의견서 제출…""혁신 저해할 수 있어""



[서울=뉴시스]이인준 기자 = 삼성전자가 미국의 대중국 첨단 기술 제재에 대해 ""의도치 않은 결과를 초래할 수 있다""는 의견을 미국 상무부에 공식 제출한 것으로 확인됐다. 24일 미국 연방 정부 웹 사이트에 따르면 삼성전자는 지난달 13일 미국 상무부 산업안보국(BIS)에 '첨단 반도체 및 집적회로에 대한 추가 실사 조치'에 관한 잠정 최종규칙(IFR)에 대한 의견서를 제출했다. 삼성전자 측은 ""관련 내용에 대해 확인해줄 수 없다""고 밝혔다.삼성전자는 ""의견서는 미국의 잠정 최종 규칙이 미국 국가안보를 효과적으로 보호하는 동시에, 의도하지 않은 결과를 초래하고 혁신을 저해할 수 있는 규제 부담을 완화하는 데 목적이 있다""고 밝혔다. 이는 미 상무부가 지난 1월 중순 반도체 파운드리(위탁생산) 기업들에게 '고객 정보를 분기별로 미 정부에 보고하라'고 하는 등 규제를 발표하자 완화를 요청한 것으로 추정된다.삼성전자는 ""용어와 적용 범위에 대한 명확한 정의가 중요하다""며 ""특히 승인된 OSAT(외주 반도체 패키징 및 테스트 서비스) 활용, 승인된 칩 설계자의 처리, 트랜지스터 수의 정의 등 여러 핵심 분야에서 명확한 해석이 필요하다""고 지적했다.이어 ""삼성전자는 미국 정부와의 지속적인 대화 의지를 밝힌다""며 ""제출한 정보에 대해 추가 논의나 설명이 필요할 경우 언제든 협의할 준비가 되어 있다""고 밝혔다. 삼성전자는 이와 함께 기밀 문서를 함께 전달하고, 미국 측과 협의에 나선 것으로 알려졌다. 삼성전자 외에도 미국반도체협회(SIA)와 미국방위산업협회(NDIA), AMAT, KLA 등 미국 장비기업은 물론 중국반도체산업협회(CSIA)와 레노보 등 중국 IT 기업 등도 의견을 전달했다. 미 상무부는 의견수렴을 마치고 조만간 '최종 규칙'을 발표할 것으로 보인다．"
"美 정부 中 규제에…삼성전자 ""혁신 저해할 수도"" 의견 전달","美 대중 규제 관련 BIS에 의견서 제출



삼성전자는 지난달 13일 미국 상무부 산업안보국(BIS)에 '첨단 반도체 및 집적회로에 대한 추가 실사 조치'에 관한 잠정 최종규칙(IFR)에 대한 의견서를 제출했다. /삼성전자삼성전자가 미국의 대중국 첨단 기술 제재에 대해 ""의도치 않은 결과를 초래할 수 있다""는 의견을 미국 상무부에 전달한 것으로 나타났다.24일 미국 연방 정부 웹 사이트에 따르면 삼성전자는 지난달 13일 미국 상무부 산업안보국(BIS)에 '첨단 반도체 및 집적회로에 대한 추가 실사 조치'에 관한 잠정 최종규칙(IFR)에 대한 의견서를 제출했다.앞서 미 상무부는 바이든 대통령 임기 종료 직전인 지난 1월 중순 반도체 파운드리(위탁생산) 기업들에게 '고객 정보를 분기별로 미 정부에 보고하라'는 내용 등을 담은 규제를 발표했다. 인공지능(AI) 등 첨단 기술에 필요한 고성능 반도체가 중국을 포함한 잠재적 적대국이나 단체로 유출·이전되는 것을 막기 위한 목적이다.삼성전자는 의견서를 통해 ""미국의 잠정 최종 규칙이 미국 국가안보를 효과적으로 보호하는 동시에, 의도하지 않은 결과를 초래하고 혁신을 저해할 수 있는 규제 부담을 완화했으면 한다""고 밝혔다.또 ""용어와 적용 범위에 대한 명확한 정의가 중요하다""며 ""특히 승인된 OSAT(외주 반도체 패키징 및 테스트 서비스) 활용, 승인된 칩 설계자의 처리, 트랜지스터 수의 정의 등 여러 핵심 분야에서 명확한 해석이 필요하다""고 지적했다.삼성전자뿐만 아니라 미국반도체협회(SIA)와 미국방위산업협회(NDIA), AMAT, KLA 등 미국 장비기업은 물론 중국반도체산업협회(CSIA)와 레노보 등 중국 IT 기업 등도 의견을 전달했다. 미 상무부는 의견수렴을 마치고 조만간 '최종 규칙'을 발표할 것으로 보인다．발로 뛰는 더팩트는 24시간 여러분의 제보를 기다립니다.▶카카오톡: '더팩트제보' 검색▶이메일: jebo@tf.co.kr▶뉴스 홈페이지: http://talk.tf.co.kr/bbs/report/write"
"삼성전자, '푸드 쇼케이스' 적용 키친핏 맥스 냉장고 출시","단열재 두께 최소화·냉장고 용량 개선삼성전자는 키친핏 냉장고 모델 최초로 '푸드 쇼케이스' 도어를 적용한 '비스포크 AI 하이브리드 키친핏 맥스' 신제품을 출시한다고 24일 밝혔다.신제품은 기존 주방 가구에 빌트인처럼 빈틈없이 설치할 수 있는 키친핏 맥스 타입 냉장고에, 자주 사용하는 식재료를 빠르고 쉽게 꺼낼 수 있는 푸드 쇼케이스 도어를 탑재했다.삼성전자는 지난 2월 도어 단열재 두께를 줄이고 내부 수납 공간을 확대한 키친핏 맥스 디자인의 냉장고 신제품 라인업을 선보이며 소비자의 선택 폭을 넓혔다.



삼성전자가 푸드 쇼케이스 도어를 적용한 비스포크 AI 하이브리드 키친핏 맥스 냉장고를 선보였다. (사진=삼성전자)키친핏 맥스 디자인이 적용된 냉장고는 좌우 단 4mm만 있으면 가구장에 빈틈없이 딱 맞게 설치할 수 있고, 냉장고 문을 90도 이상 활짝 열 수 있다.제품은 다양한 인공지능(AI) 기술을 탑재해 편의성을 높였다. ▲반도체 소자로 내부 온도를 조절하는 'AI 하이브리드 쿨링' ▲음성으로 냉장고 문을 열거나 온도 조절을 할 수 있는 '빅스비' ▲식품 관리, 제품 제어부터 사진·음악 감상까지 가능한 'AI 스크린' ▲냉장고에 들어오고 나가는 식재료를 인식·관리할 수 있도록 돕는 'AI 비전 인사이드' 등이 적용됐다.삼성전자는 신제품 출시에 맞춰 다양한 혜택의 프로모션을 오는 6월 30일까지 진행한다. 제품을 구매하고 삼성닷컴에서 영수증과 시리얼 넘버로 구매 인증을 한 고객 중 선착순 1천명에게 30만원 상당 밀폐용기를 증정한다.또 비스포크 AI 하이브리드 키친핏 맥스 숏폼 영상을 개인 유튜브 계정이나 인스타그램에 업로드하면 다양한 선물을 제공하는 이벤트도 진행한다. 숏폼 영상은 삼성닷컴에서 다운로드 받을 수 있다.푸드 쇼케이스 도어가 적용된 비스포크 AI 하이브리드 키친핏 맥스 모델의 출고가는 용량과 색상 등 옵션에 따라 379만~449만원이다.김용훈 삼성전자 한국총괄 상무는 ""비스포크 AI 하이브리드 키친핏 맥스는 사용자 편의성을 극대화한 제품""이라며 ""인테리어와 제품 편의성을 모두 중시하는 소비자들에게 최적의 선택이 될 것""이라고 말했다."
"삼성전자, '푸드 쇼케이스' 적용 키친핏 맥스 냉장고 출시","단열재 두께 최소화·냉장고 용량 개선삼성전자는 키친핏 냉장고 모델 최초로 '푸드 쇼케이스' 도어를 적용한 '비스포크 AI 하이브리드 키친핏 맥스' 신제품을 출시한다고 24일 밝혔다.신제품은 기존 주방 가구에 빌트인처럼 빈틈없이 설치할 수 있는 키친핏 맥스 타입 냉장고에, 자주 사용하는 식재료를 빠르고 쉽게 꺼낼 수 있는 푸드 쇼케이스 도어를 탑재했다.삼성전자는 지난 2월 도어 단열재 두께를 줄이고 내부 수납 공간을 확대한 키친핏 맥스 디자인의 냉장고 신제품 라인업을 선보이며 소비자의 선택 폭을 넓혔다.



삼성전자가 푸드 쇼케이스 도어를 적용한 비스포크 AI 하이브리드 키친핏 맥스 냉장고를 선보였다. (사진=삼성전자)키친핏 맥스 디자인이 적용된 냉장고는 좌우 단 4mm만 있으면 가구장에 빈틈없이 딱 맞게 설치할 수 있고, 냉장고 문을 90도 이상 활짝 열 수 있다.제품은 다양한 인공지능(AI) 기술을 탑재해 편의성을 높였다. ▲반도체 소자로 내부 온도를 조절하는 'AI 하이브리드 쿨링' ▲음성으로 냉장고 문을 열거나 온도 조절을 할 수 있는 '빅스비' ▲식품 관리, 제품 제어부터 사진·음악 감상까지 가능한 'AI 스크린' ▲냉장고에 들어오고 나가는 식재료를 인식·관리할 수 있도록 돕는 'AI 비전 인사이드' 등이 적용됐다.삼성전자는 신제품 출시에 맞춰 다양한 혜택의 프로모션을 오는 6월 30일까지 진행한다. 제품을 구매하고 삼성닷컴에서 영수증과 시리얼 넘버로 구매 인증을 한 고객 중 선착순 1천명에게 30만원 상당 밀폐용기를 증정한다.또 비스포크 AI 하이브리드 키친핏 맥스 숏폼 영상을 개인 유튜브 계정이나 인스타그램에 업로드하면 다양한 선물을 제공하는 이벤트도 진행한다. 숏폼 영상은 삼성닷컴에서 다운로드 받을 수 있다.푸드 쇼케이스 도어가 적용된 비스포크 AI 하이브리드 키친핏 맥스 모델의 출고가는 용량과 색상 등 옵션에 따라 379만~449만원이다.김용훈 삼성전자 한국총괄 상무는 ""비스포크 AI 하이브리드 키친핏 맥스는 사용자 편의성을 극대화한 제품""이라며 ""인테리어와 제품 편의성을 모두 중시하는 소비자들에게 최적의 선택이 될 것""이라고 말했다."
"삼성전자, '푸드 쇼케이스' 적용 키친핏 맥스 냉장고 출시","식재료 빠르고 손쉽게 꺼낼 수 있는 도어 적용'AI 하이브리드 쿨링' 등 다양한 AI 기술 탑재



삼성전자가 '푸드 쇼케이스' 도어를 적용한 '비스포크 AI 하이브리드 키친핏 맥스' 냉장고를 선보였다. (사진제공 = 삼성전자)(서울=뉴스1) 박기호 기자 = 삼성전자(005930)는 24일 키친핏 냉장고 모델 최초로 '푸드 쇼케이스' 도어를 적용한 '비스포크 AI 하이브리드 키친핏 맥스' 신제품을 출시했다고 밝혔다.이번 신제품은 기존 주방 가구에 빌트인처럼 빈틈없이 설치할 수 있는 '키친핏 맥스' 타입 냉장고다. 음료나 소스 등 자주 사용하는 식재료를 빠르고 쉽게 꺼낼 수 있는 '푸드 쇼케이스' 도어를 탑재해 사용자 편의성을 크게 높였다.'키친핏 맥스' 디자인이 적용된 냉장고는 좌우 단 4㎜만 있으면 가구장에 빈틈없이 딱 맞게 설치할 수 있고, 냉장고 문을 90도 이상 활짝 열 수 있다.'비스포크 AI 하이브리드 키친핏 맥스' 냉장고는 다양한 인공지능(AI) 기술이 탑재됐다. 반도체 소자로 내부 온도를 조절해 식품을 더욱 신선하게 보관하는 'AI 하이브리드 쿨링'을 비롯해 △음성만으로 냉장고 문을 열거나 온도 조절을 할 수 있는 '빅스비' △식품 관리, 제품 제어부터 사진·음악 감상까지 가능한 'AI 스크린' △냉장고에 들어오고 나가는 식재료를 인식해 편리하게 관리할 수 있도록 돕는 'AI 비전 인사이드' 등이 적용됐다. 삼성전자는 차원이 다른 편의성을 제공해 'AI 가전=삼성' 공식을 이어나간다는 계획이다.삼성전자는 신제품 출시에 맞춰 다양한 혜택의 프로모션을 6월 30일까지 진행한다. '비스포크 AI 하이브리드 키친핏 맥스' 냉장고를 구매하고 삼성닷컴에서 영수증과 시리얼 넘버로 구매 인증을 한 고객 중 선착순 1000명에게 30만 원 상당의 밀폐용기를 증정한다. '비스포크 AI 하이브리드 키친핏 맥스' 숏폼 영상을 개인 유튜브 계정이나 인스타그램에 업로드하면 다양한 선물을 제공하는 이벤트도 진행한다.'푸드 쇼케이스' 도어가 적용된 '비스포크 AI 하이브리드 키친핏 맥스' 모델의 출고가는 용량과 색상 등 옵션에 따라 379만~449만 원으로 책정됐다.김용훈 삼성전자 한국총괄 상무는 ""'비스포크 AI 하이브리드 키친핏 맥스'는 사용자의 편의성을 극대화한 제품""이라며 ""인테리어와 제품 편의성을 모두 중시하는 소비자들에게 최적의 선택이 될 것""이라고 말했다."
"이재용·최태원 엇갈린 희비… SK하이닉스, 영업익 삼성전자 추월","1분기 영역이익 7조원대 '어닝 서프라이즈'HBM 올해 물량 이미 '완판' D램 시장 1위



경기도 이천시 SK하이닉스 본사 모습. 연합뉴스SK하이닉스가 1분기 분기 7조원 이상의 영업이익을 기록하며 삼성전자 반도체 사업부는 물론 삼성전자 전사 실적을 2개 분기 연속 추월했다. 인공지능(AI) 인프라에 필수적인 고대역폭 메모리(HBM) 시장에서 막강한 지배력을 바탕으로 견조한 성장세를 이어간 영향으로 풀이된다.SK하이닉스가 24일 공시한 연결 기준 4분기 영업이익은 7조4천405억원이다. 작년 동기보다 158% 늘었으며 역대 최대 기록을 썼던 지난해 4분기 영업이익(8조828억원)에 이은 두 번째로 높은 성과다.SK하이닉스는 분기 영업이익에서 삼성전자의 반도체 사업부인 디바이스솔루션(DS) 부문을 넘어 가전·모바일 등을 모두 포함한 삼성전자 전사 영업이익을 뛰어넘었다.아직 삼성전자의 확정 실적이 나오진 않았지만 올해 1분기 삼성전자의 잠정 영업이익은 SK하이닉스보다 8천405억원 적은 6조6천억원이다. 증권가에서는 이 중 DS부문 메모리 사업부의 영업이익을 3조원 초반 수준으로 추정하고 있다.◆ HBM 시장 지배력으로 D램 시장 1위 석권SK하이닉스는 AI 칩에 쓰이는 HBM에서 시장에서 압도적인 점유율을 유지하고 있다. 그 결과 영업이익률을 올해 1분기까지 8분기 연속으로 개선했다.지난 2023년 1분기 마이너스(-) 67% 수준으로 바닥을 찍었던 영업이익률은 같은 해 4분기에 3%로 전환한 뒤, 매 분기 상승 곡선을 그리고 있다. 특히 2024년 1분기 23%였던 영업이익률은 올해 1분기 42%로 두 배 가까이 확대됐다.SK하이닉스는 1분기 실적발표 콘퍼런스콜에서 ""영업이익률 개선은 AI로 인한 메모리 사업의 구조적 변화와 높아진 경쟁력 입증한 결과로, 메모리 사이클 조정기에도 사업 체질 개선을 위한 노력 덕분""이라고 설명했다.아울러 전 세계 HBM 시장 점유율의 절반 이상을 차지하는 SK하이닉스는 30여년간 '메모리 1위'를 지켰던 삼성전자를 제치고 전 세계 D램 시장 1위를 차지했다.시장조사업체 카운터포인트리서치에 따르면 올해 1분기 D램 시장에서 SK하이닉스가 점유율 36%를 차지했으며, 삼성전자가 34%, 미국 마이크론이 25%가 뒤를 이었다.SK하이닉스는 올해 HBM 물량도 이미 '솔드아웃(완판)'한 상태로, 현재 주력인 HBM3E(5세대) 12단 제품을 엔비디아를 비롯한 주요 고객사들에 공급 중이다. 후속 제품인 HBM4(6세대) 12단 제품도 올해 하반기 양산을 목표로 세계 최초로 주요 고객사들에 HBM4 12단 샘플을 공급한 상태이며 내년 물량 또한 올해 상반기 중 '완판'이 결정될 것으로 관측된다.



◆ 고부가 '선단공정 전환' 순항…재고 소진도 가속SK하이닉스의 호실적에는 HBM3E 12단 제품뿐 아니라 DDR5, 고용량 eSSD(기업용 SSD)와 같은 고부가 제품의 판매가 늘어난 점도 영향을 끼쳤다.앞서 SK하이닉스는 DDR4, LPDDR4와 구형(레거시) 제품의 비중을 줄이면서 고부가·고성능 중심의 선단 공정으로 전환을 통한 사업 체질 개선을 가속하겠다는 계획을 제시한 바 있다.통상 계절적 비수기인 1분기에도 견조한 실적을 낸 것은 수익성이 높은 선단 공정으로의 전환이 순조롭게 진행되고 있기 때문으로 풀이된다.이에 대해 SK하이닉스는 ""계절적 비수기임에도 과거와 확연히 달라진 당사 경쟁력을 입증하는 실적을 달성했다""며 ""앞으로 시장 상황이 조정기에 진입하더라도 차별화된 실적을 달성할 수 있도록 사업 체질 개선에 더욱 매진하겠다""고 강조했다.SK하이닉스 외에도 삼성전자와 마이크론 역시 구형 제품의 생산을 단계적으로 줄여가고 있다. 삼성전자는 DDR4의 생산을 올해 말 중단할 예정으로 알려졌다.이와 함께 올해 1분기 미국발 관세 부과 등 글로벌 불확실성에 따라 고객사들이 D램 조달량을 앞당기면서, 메모리 공급망 전반의 재고 감소로 가격 하락세가 둔화했다는 점도 작용했을 것으로 전망된다."
"HBM 날개 단 SK하이닉스, 2개 분기 연속 영업익 삼성전자 추월","1분기 영업이익 SK하이닉스 7.4조원·삼성전자 6.6조원영업이익률 42% 달성…HBM3E·DDR5 등 고부가 제품 판매 영향(서울=연합뉴스) 강태우 기자 = SK하이닉스가 분기 7조원 이상의 영업이익을 내며 견조한 실적 행진을 이어간데는 고대역폭 메모리(HBM) 등 인공지능(AI) 메모리 시장의 막강한 지배력이 작용한 덕분으로 풀이된다.     이를 바탕으로 SK하이닉스는 삼성전자 반도체 사업부뿐 아니라 삼성전자 전사 실적을 2개 분기 연속 추월했다.



SK하이닉스 이천캠퍼스[연합뉴스 자료사진]    SK하이닉스가 24일 공시한 연결 기준 4분기 영업이익은 7조4천405억원이다. 작년 동기보다 158% 늘었으며 역대 최대 기록을 썼던 지난해 4분기 영업이익(8조828억원)에 이은 두 번째로 높은 성과다.    SK하이닉스는 분기 영업이익에서 삼성전자의 반도체 사업부인 디바이스솔루션(DS) 부문을 넘어 가전·모바일 등을 모두 포함한 삼성전자 전사 영업이익을 뛰어넘었다.    아직 삼성전자의 확정 실적이 나오진 않았지만 올해 1분기 삼성전자의 잠정 영업이익은 SK하이닉스보다 8천405억원 적은 6조6천억원이며, 증권가에서는 이 중 DS부문 메모리 사업부의 영업이익을 3조원 초반 수준으로 추정하고 있다.    올해 2분기 역시 8조원 이상의 영업이익을 낼 것으로 예상됨에 따라 삼성전자를 또 앞지를 가능성도 점쳐진다.



SK하이닉스, GTC 2025서 'HBM4' 첫 공개(서울=연합뉴스) SK하이닉스가 오는 21일(현지시간)까지 미국 새너제이에서 열리는 GTC 2025에서 '메모리가 불러올 AI의 내일'을 주제로 HBM을 포함한 AI 데이터센터, 온디바이스, 오토모티브(차량) 분야 메모리 설루션을 대거 전시한다고 19일 밝혔다. 사진은 SK하이닉스 6세대 고대역폭 메모리 HBM4. 2025.3.19 [SK하이닉스 제공. 재판매 및 DB 금지] photo@yna.co.kr  '믿을맨'은 HBM…영업이익률도 8개 분기 고공행진    이 같은 결과는 SK하이닉스가 AI 칩에 쓰이는 HBM에서 시장 지배력을 더 확대한 덕분이다.     SK하이닉스는 HBM에 힘입어 영업이익률을 올해 1분기까지 8분기 연속으로 개선했다.    지난 2023년 1분기 마이너스(-) 67% 수준으로 바닥을 찍었던 영업이익률은 같은 해 4분기에 3%로 전환한 뒤, 매 분기 상승 곡선을 그리고 있다.    2024년 1분기 23%였던 영업이익률은 올해 1분기 42%로 두 배 가까이 확대됐다.     SK하이닉스는 1분기 실적발표 콘퍼런스콜에서 ""영업이익률 개선은 AI로 인한 메모리 사업의 구조적 변화와 높아진 경쟁력 입증한 결과로, 메모리 사이클 조정기에도 사업 체질 개선을 위한 노력 덕분""이라고 설명했다.    아울러 전 세계 HBM 시장 점유율의 절반 이상을 차지하는 SK하이닉스는 30여년간 '메모리 1위'를 지켰던 삼성전자를 제치고 전 세계 D램 시장 1위를 차지했다.    시장조사업체 카운터포인트리서치에 따르면 올해 1분기 D램 시장에서 SK하이닉스가 점유율 36%를 차지했으며, 삼성전자가 34%, 미국 마이크론이 25%가 뒤를 이었다.    SK하이닉스는 올해 HBM 물량을 이미 '솔드아웃(완판)'한 상태로, 현재 주력인 HBM3E(5세대) 12단 제품을 엔비디아를 비롯한 주요 고객사들에 공급 중이다.    후속 제품인 HBM4(6세대) 12단 제품도 올해 하반기 양산을 목표로 세계 최초로 주요 고객사들에 HBM4 12단 샘플을 공급한 상태이며 내년 물량 또한 올해 상반기 중 '완판'이 결정될 것으로 관측된다.



SK하이닉스, '10나노 1c' 기술개발 성공(서울=연합뉴스) SK하이닉스가 10나노 6세대(1c) 기술 개발에 성공했다고 10일 밝혔다. 사진은 SK하이닉스 1c DDR5 D램. 2024.9.10 [SK하이닉스 제공. 재판매 및 DB 금지] photo@yna.co.kr  고부가 '선단공정 전환' 순항…재고 소진도 가속    SK하이닉스의 호실적에는 HBM3E 12단 제품뿐 아니라 DDR5, 고용량 eSSD(기업용 SSD)와 같은 고부가 제품의 판매가 늘어난 점도 영향을 끼쳤다.    앞서 SK하이닉스는 DDR4, LPDDR4와 구형(레거시) 제품의 비중을 줄이면서 고부가·고성능 중심의 선단 공정으로 전환을 통한 사업 체질 개선을 가속하겠다는 계획을 밝혀왔다.    통상 계절적 비수기인 1분기에도 견조한 실적을 낸 것은 수익성이 높은 선단 공정으로의 전환이 순조롭게 진행되고 있기 때문으로 풀이된다.     SK하이닉스는 ""계절적 비수기임에도 과거와 확연히 달라진 당사 경쟁력을 입증하는 실적을 달성했다""며 ""앞으로 시장 상황이 조정기에 진입하더라도 차별화된 실적을 달성할 수 있도록 사업 체질 개선에 더욱 매진하겠다""고 강조했다.    SK하이닉스 외에도 삼성전자와 마이크론 역시 구형 제품의 생산을 단계적으로 줄여가고 있다. 삼성전자는 DDR4의 생산을 올해 말 중단할 예정으로 알려졌다.    이와 함께 올해 1분기 미국발 관세 부과 등 글로벌 불확실성에 따라 고객사들이 D램 조달량을 앞당기면서, 메모리 공급망 전반의 재고 감소로 가격 하락세가 둔화했다는 점도 작용했을 것으로 전망된다.    burning@yna.co.kr"
"삼성전자, ‘갤럭시 AI’로 달라진 일상...‘S25 시리즈’ 전면 배치","일상 공간 테마로 체험 구성AI 클래스 통해 기능 심화 학습생성형 AI 편집 기능도 전시



 삼성전자는 진화한 ‘갤럭시 AI’가 제안하는 새로운 일상을 선보인다고 24일 밝혔다. 삼성전자는 이날부터 26일까지 서울 삼성동 코엑스(COEX)에서 열리는 ‘2025 월드IT 쇼(2025 World IT Show)’에 참가해, ‘갤럭시 S25 시리즈’를 중심으로 다양한 ‘갤럭시 AI’ 기능을 직접 체험할 수 있는 공간을 마련했다.삼성전자는 진화한 ‘갤럭시 인공지능(AI)’이 제안하는 달라진 새로운 일상을 선보인다고 24일 밝혔다. 삼성전자는 이날부터 26일까지 서울 삼성동 코엑스(COEX)에서 열리는 ‘2025 월드IT 쇼(2025 World IT Show)’에 참가했다. 특히 ‘갤럭시 S25 시리즈’를 중심으로 다양한 ‘갤럭시 AI’ 기능을 직접 체험할 수 있는 공간을 마련했다.삼성전자는 갤럭시 S 시리즈 디자인의 곡선을 반영한 라운드 형태로 870㎡(263평) 규모의 전시공간을 구성했으며, 이에 따라 관람객들은 이곳에서 갤럭시 AI 기능을 안내 받은 뒤 자연스럽게 기능을 활용해볼 수 있는 체험 프로그램을 경험할 수 있다.이번 전시는 ‘지하철’, ‘학교’, ‘엘리베이터’ 등 일상 공간을 테마로 구성돼 관람객들이 실제 생활과 가까운 환경에서 AI 기능을 체험할 수 있도록 했다. 전시관 입구에 마련된 ‘AI 쇼룸’에서는 명령어 한 문장으로 여러 앱이 연동되어 실행되는 기능을 직접 체험할 수 있으며, 비주얼 AI를 활용해 카메라로 사물을 비춘 뒤 실시간으로 궁금증에 답을 얻는 경험도 가능하다. 현재 해당 기능은 삼성과 구글의 일부 기본 앱에서 지원되며 향후 지속적으로 확대될 예정이다.지하철 공간에서는 개인 맞춤형 정보를 제공하는 ‘나우 브리프(Now Brief)’ 기능을 체험할 수 있고, 학교 콘셉트 공간에서는 갤럭시 AI를 활용해 수학과 외국어 등의 교과목 문제를 손쉽게 해결하는 과정을 경험할 수 있다. 또 엘리베이터 콘셉트의 ‘비디오 부스’에서는 사용자가 원하는 테마를 배경으로 영상을 촬영한 후, 베스트 장면을 골라 포토카드로 출력하고, ‘오디오 지우개’ 기능으로 소음을 제거하는 등 간편한 편집까지 해볼 수 있다.삼성전자는 관람객이 갤럭시 AI 기능을 보다 심층적으로 이해하고 즐길 수 있도록 ‘AI 클래스’도 운영한다. 이 클래스에서는 AI 기능을 중심으로 한 일상 편의성, 성능, 카메라 업그레이드 기능 등을 폭넓게 다룬다.특히 촬영에 관심이 많은 1020세대 관람객을 위해 ‘AI 카메라 클래스’도 별도로 마련됐으며, 이 클래스에서는 갤럭시 S25 시리즈로 직접 콘텐츠를 촬영하고 AI 편집 기능을 활용해보며 기능을 보다 깊이 있게 익힐 수 있다. 강의 주제는 100배 줌, 2억 화소 카메라, ‘AI 지우개’, ‘나만의 필터’, ‘베스트 얼굴’, ‘Expert Raw’ 앱 사용법 등으로 구성됐다.배운 내용을 직접 실습할 수 있는 맞춤형 체험 공간도 마련됐다. 관람객은 ‘미션존’에서 패션, 공부, 여행, 스포츠 등 1020세대 일상과 관련된 미션을 수행하며 AI 기능을 체험하게 된다. 특히 스포츠 미션에서는 비주얼 AI로 타격 자세를 추천받고, 야구장 배경으로 인증샷을 촬영한 뒤 생성형 AI를 활용해 이미지를 완성하고 인화할 수 있다.이 외에도 삼성전자는 빅스비와 스마트싱스를 통해 AI홈과 헬스 기능을 체험할 수 있는 공간도 조성했다. 관람객들은 이곳에서 아침 기상, 운동, 외출 등 다양한 상황에서 TV, 에어컨, 세탁기, 청소기 등 가전제품을 음성으로 제어해보는 체험을 할 수 있다.또 갤럭시 북5 브로(Pro) 360, 갤럭시 탭 S10 시리즈 등 갤럭시AI 생태계의 다양한 제품도 자유롭게 체험할 수 있다. 삼성전자 관계자는 “이번 전시는 더욱 진화한 ‘갤럭시 AI’를 보다 밀도 있게 경험하고 폭넓게 활용할 수 있도록 프로그램을 구성됐다”며 “클래스와 실습 콘텐츠 등 대폭 강화한 색다른 체험 요소와 함께 ‘갤럭시 AI’가 만들어 가는 가치 있는 일상을 실감나게 경험해 보길 바란다”고 말했다."
"삼성전자, 월드IT쇼에서 갤럭시 AI 기술력 소개","삼성전자가 24일 서울 삼성동 코엑스에서 열린 ‘월드IT쇼’ 부스에 마련한 '스쿨존'에서 관람객들에게 갤럭시 AI 활용법을 소개하고 있다. 사진제공=삼성전자



삼성전자 모델들이 24일 서울 삼성동 코엑스에서 열린 ‘월드IT쇼’에서 ‘갤럭시 AI’를 주제로 만든 부스를 소개하고 있다. 사진제공=삼성전자[서울경제] 삼성전자(005930)가 오는 26일까지 서울 삼성동 코엑스에서 열리는 '2025 월드IT 쇼'에 참가해 '갤럭시 AI'가 제안하는 새로운 일상을 선보인다고 24일 밝혔다.삼성전자는 갤럭시 S 시리즈 디자인의 곡선을 반영한 870㎡(263평) 규모의 전시공간에 '갤럭시 S25 시리즈'를 중심으로 다양한 '갤럭시 AI' 기능을 경험할 수 있는 체험 프로그램을 마련했다.관람객들은 체험존에서 '갤럭시 AI' 기능을 안내 받은 후, 체험 프로그램과 함께 기능을 자연스럽게 경험할 수 있다.관람객은 전시관 입구의 'AI 쇼룸'에서 갤럭시 S25 시리즈를 통해 한 문장의 명령어를 말하면 필요한 앱들이 연결되어 한번에 실행되는 기능을 경험할 수 있다. 갤럭시 S25 시리즈 카메라를 이용해 직접 주변 환경이나 사물을 보여준 뒤 궁금한 점을 질문하면, 비주얼 AI에 기반한 실시간 답변을 받는 기능도 체험 가능하다.'지하철'로 꾸며진 공간에서는 갤럭시AI가 사용자에게 개인화된 맞춤 정보를 제공하는 '나우 브리프(Now Brief)' 기능을 경험할 수 있다. 삼성전자는 '학교' 콘셉트의 공간에서 수학, 외국어 등 교과목 문제를 갤럭시 AI로 편리하게 해결하는 등 '갤럭시 S25 시리즈'의 다양한 AI 활용법을 선보인다. 엘리베이터 콘셉트로 연출한 '비디오 부스' 공간에서는 '갤럭시 S25 시리즈'와 함께 원하는 테마를 배경으로 자유롭게 영상을 촬영할 수 있다.'갤럭시 AI' 기능을 배울 수 있는 'AI 클래스'도 운영된다. 특히 촬영을 즐기는 1020세대 관람객들을 위한 'AI 카메라 클래스'도 마련됐다.삼성전자 관계자는 “진화한 '갤럭시 AI'를 보다 밀도 있게 경험하고 폭넓게 활용할 수 있도록 프로그램을 구성했다”고 전했다."
'갤럭시 AI 클래스' 참여하는 관람객들,(서울=연합뉴스) 삼성전자가 오는 26일까지 서울 강남구 코엑스에서 열린 '2025 월드IT 쇼'에 참가해 진화한 '갤럭시 AI'가 제안하는 새로운 일상을 선보인다고 24일 밝혔다. 관람객들이 '갤럭시 AI 클래스'에 참여하고 있다. 2025.4.24 [삼성전자 제공. 재판매 및 DB 금지]    photo@yna.co.kr
"[WIS 2025]삼성전자, 더 똑똑해진 갤럭시 AI 경험 제시","삼성전자 갤럭시S25 시리즈삼성전자는 최단기간 판매 기록을 세운 '갤럭시 S25 시리즈'를 중심으로 카메라 편집 등 다양한 갤럭시의 인공지능(AI) 기능을 체험할 수 있는 전시 공간을 구성한다. 또 스마트싱스로 연결된 AI 가전을 이용한 홈 헬스 경험도 시연한다.WIS 2025에서 삼성전자는 누구나 갤럭시 AI 기능을 더욱 폭넓게 이해하고 마음껏 즐길 수 있도록 'AI 클래스'를 운영한다. 갤럭시 S25 시리즈의 다양한 활용성부터 △디자인 △편리한 일상을 지원하는 AI △더욱 강력해진 성능 △업그레이드된 카메라까지 전반적인 기능을 배워볼 수 있다.특히 촬영을 즐기는 1020세대 관람객을 위해 'AI 카메라 클래스'도 준비했다.관람객은 AI 카메라 클래스에 참여해 갤럭시 S25 시리즈로 콘텐츠를 촬영한 후 AI 편집 기능을 사용하고 직접 활용하며 카메라 기능을 더 깊이 있게 경험할 수 있다.강의는 △선명한 100배 줌과 2억 화소 카메라 △원하지 않는 피사체를 자연스럽게 지우는 'AI 지우개' △나만의 사진 색감을 적용하는 '나만의 필터' △모두가 만족하는 단체 사진을 완성해주는 '베스트 얼굴' △다양한 효과를 연출할 수 있는 '엑스퍼트 로(Expert Raw)' 등 다양한 카메라 기능을 설명한다.관람객은 AI 클래스와 AI 카메라 클래스에서 배운 내용을 토대로 맞춤형 실습 프로그램에서 직접 기능을 사용해보며 일상 활용법을 익힐 수 있다.먼저 '플레이그라운드 존'에서는 패션, 공부, 여행, 스포츠 등 1020 일상에 맞춘 카테고리의 미션을 수행하며 갤럭시 AI의 다양한 활용성과 편의성을 재미있게 체험할 수 있다.특히 스포츠 미션에서는 실시간 비주얼 AI를 활용해 타격 자세를 추천받고, 야구장 배경으로 인증샷을 촬영한 뒤 생성형 편집으로 완성한 모습을 인화할 수 있다.이 외에 △어느 화면에서나 동그라미를 그리면 쉽고 빠르게 검색할 수 있는 '서클 투 서치' △자연스러운 대화를 주고받으며 정보를 탐색할 수 있는 '제미나이 라이브' △사용자의 스마트폰 사용 패턴과 데이터를 분석해 일상 속 개인화한 맞춤 정보를 브리핑해주는 '나우 브리프' △관심사와 사용 맥락에 따라 추천 정보를 실시간 제공하는 '나우 바' 등의 기능을 체험할 수 있다.삼성전자는 2030세대의 높은 관심을 받고 있는 '스마트홈'과 헬스 특화 체험 공간인 'AI 홈·헬스존'도 마련했다.관람객은 체험공간에서 아침 기상, 운동, 외출 등 일상 속에서 빅스비와 스마트싱스를 활용해 TV, 에어컨, 세탁기, 청소기 등 여러 가전을 손쉽게 제어해 볼 수 있다.삼성전자 관계자는 “이번 전시는 더욱 진화한 '갤럭시 AI를 더욱 심도있게 경험하고 폭넓게 활용할 수 있도록 프로그램을 구성했다”며 “갤럭시 A'가 만들어 가는 가치 있는 일상을 실감나게 경험해 보길 바란다”고 말했다."
"삼성헬스서 전문 '홈트' 배운다…삼성전자, '콰트' 콘텐츠 탑재","[이 기사에 나온 스타트업에 대한 보다 다양한 기업정보는 유니콘팩토리 빅데이터 플랫폼 '데이터랩'에서 볼 수 있습니다.]



홈트레이닝 플랫폼 '콰트'(QUAT)를 운영하는 엔라이즈가 삼성전자와 파트너십을 체결했다고 23일 밝혔다. 이번 파트너십에 따라 삼성헬스 사용자들은 필라테스, 요가, 스트레칭 등 전문 트레이너가 제작한 홈 피트니스 콘텐츠를 무료로 이용 가능하다. 삼성헬스 내 '피트니스' 탭에서 제공되며, 서비스는 7개국에서 시작해 추가 언어 번역을 거쳐 확대 제공할 예정이다. 콰트는 이번 파트너십을 기념해 삼성헬스 이용자를 대상으로 맞춤형 공동 프로모션도 함께 마련했다. 삼성헬스 사용자들은 콰트 멤버십의 월 구독권을 30% 할인된 가격으로 이용할 수 있다. 콰트는 운동 콘텐츠와 운동 기구, 구독 모델을 결합한 서비스다. 개인 맞춤형 운동 추천, 운동 상담, 식단 관리 등을 통해 지속 가능한 건강 습관 형성을 지원한다. 피트니스 콘텐츠를 넘어 커머스 영역까지 확장하며 건강관리 슈퍼앱으로 성장해 나가고 있다. 삼성전자의 종합 건강관리 서비스인 삼성헬스는 월간 활성 사용자 수(MAU)가 6400만명, 누적 설치 수는 기본 탑재 기기를 포함해 20억회 이상에 달한다. 체중, 혈압, 혈당 등 건강 데이터 모니터링부터 운동량·수면 기록 등 다양한 기능을 제공한다. 김봉기 엔라이즈 대표는 ""국내 대표적인 홈 트레이닝 콘텐츠 플랫폼으로서 콰트 서비스를 고도화하고 활성화하기 위해 삼성헬스와 파트너십을 맺었다. 이번 협업을 계기로 삼성헬스 사용자들에게 차별화된 운동 경험과 체계적인 커리큘럼을 선보이겠다""고 했다.[머니투데이 스타트업 미디어 플랫폼 '유니콘팩토리']"
"엔라이즈, 삼성전자와 맞손…삼성헬스서 홈 피트니스 즐긴다","삼성헬스 파트너십 통해 국내 대표 운동 서비스 목표차별화된 운동 경험과 체계적인 커리큘럼 선보일 예정[이데일리 김영환 기자] 온라인 홈트레이닝 플랫폼 콰트(QUAT)를 운영하는 엔라이즈가 삼성전자와 파트너십을 체결했다고 23일 밝혔다.



(사진=엔라이즈)이번 파트너십에 따라 삼성헬스 사용자들은 필라테스, 요가, 스트레칭 등 전문 트레이너가 제작한 운동 프로그램을 무료로 만나볼 수 있게 됐다. 콰트의 홈 피트니스 콘텐츠는 삼성헬스 내 ‘피트니스’ 탭에서 제공되며 서비스는 7개국에서 시작해 향후 추가 언어 번역을 통해 확대할 예정이다.콰트는 이번 파트너십을 기념해 삼성헬스 이용자를 대상으로 맞춤형 공동 프로모션도 함께 마련했다. 삼성헬스 사용자들은 콰트 멤버십의 월 구독권을 30% 할인된 가격으로 이용할 수 있으며 보다 합리적인 비용으로 프리미엄 홈 피트니스 콘텐츠를 경험할 수 있다.콰트는 국내 최초로 운동 콘텐츠와 운동 기구, 구독 모델을 결합한 서비스로 개인 맞춤형 운동 추천, 운동 상담, 식단 관리 등을 통해 지속 가능한 건강 습관 형성을 지원한다. 피트니스 콘텐츠를 넘어 커머스 영역까지 확장하며 건강관리 슈퍼앱으로 성장하고 있다.삼성전자의 종합 건강 관리 서비스인 삼성 헬스는 월간 활성 사용자 수(MAU)는 6400만명, 누적 설치 수는 기본 탑재 기기를 포함해 20억 회 이상을 기록하고 있다. 체중, 혈압, 혈당 등 건강 데이터 모니터링은 물론, 운동량 기록, 수면 및 마음 건강 등의 건강 지표 모니터링 기능도 제공한다.김봉기 엔라이즈 대표는 “콰트는 국내 대표 홈 트레이닝 콘텐츠 플랫폼으로서 서비스 고도화 및 활성화를 목표로 삼성헬스와 파트너십을 진행하기로 했다”며 “이번 협업을 계기로 삼성헬스 사용자들에게 차별화된 운동 경험과 체계적인 커리큘럼을 선보이겠다”고 말했다."
"삼섬헬스서 '홈트' 가능해진다?… 삼성전자-콰트, 파트너십 체결","사진=콰트 제공온라인 홈트레이닝 플랫폼 콰트(QUAT)를 운영하는 엔라이즈가 삼성전자와 파트너십을 체결했다고 23일 밝혔다.이번 파트너십에 따라 삼성헬스 사용자들은 필라테스·요가·스트레칭 등 전문 트레이너가 제작한 운동 프로그램을 무료로 만나볼 수 있게 됐다. 콰트의 홈 피트니스 콘텐츠는 삼성헬스 내 ‘피트니스’ 탭에서 제공되며, 서비스는 7개국에서 시작해 향후 추가 언어 번역을 통해 확대할 예정이다.콰트는 이번 파트너십을 기념해 삼성헬스 이용자를 대상으로 맞춤형 공동 프로모션도 함께 마련했다. 삼성헬스 사용자들은 콰트 멤버십의 월 구독권을 30% 할인된 가격으로 이용할 수 있으며 보다 합리적인 비용으로 프리미엄 홈 피트니스 콘텐츠를 경험할 수 있다.콰트는 국내 최초로 운동 콘텐츠와 운동 기구, 구독 모델을 결합한 서비스로, 개인 맞춤형 운동 추천, 운동 상담, 식단 관리 등을 통해 지속 가능한 건강 습관 형성을 지원한다.삼성전자의 종합 건강 관리 서비스인 삼성 헬스는 월간 활성 사용자 수(MAU)는 6400만명, 누적 설치 수는 기본 탑재 기기를 포함해 20억 회 이상을 기록하고 있다. 체중·혈압·혈당 등 건강 데이터 모니터링은 물론, 운동량 기록, 수면·마음 건강 등의 건강 지표 모니터링 기능도 제공한다.엔라이즈 김봉기 대표는 “콰트는 국내 대표 홈 트레이닝 콘텐츠 플랫폼으로서 서비스 고도화·활성화를 목표로 삼성헬스와 파트너십을 진행하기로 했다“며 “이번 협업을 계기로 삼성헬스 사용자들에게 차별화된 운동 경험과 체계적인 커리큘럼을 선보이겠다”고 말했다."
"삼성전자, '2025 월드IT쇼' 참가…갤럭시 AI 체험 공간 마련","삼성전자는 24일부터 26일까지 서울 삼성동 코엑스에서 진행되는 '2025 월드IT 쇼'에 참가해 진화한 '갤럭시 AI'가 제안하는 새로운 일상을 선보인다고 24일 밝혔다.



24일 서울 코엑스에서 개막한 '2025 월드IT쇼' 삼성전자관 전경 [사진=삼성전자]삼성전자는 갤럭시 S 시리즈 디자인의 곡선을 반영한 라운드 형태로 870㎡(263평) 규모의 전시공간을 조성하고, '갤럭시 S25 시리즈'를 중심으로 다양한 '갤럭시 AI' 기능을 경험할 수 있는 체험 프로그램을 마련했다.관람객들은 체험존에서 '갤럭시 AI' 기능을 안내 받은 후, 체험 프로그램과 함께 기능을 자연스럽게 경험할 수 있다.삼성전자는 지하철, 학교 등 일상 공간에서 '갤럭시 S25 시리즈'의 '갤럭시 AI' 기능을 체험할 수 있게 했다.관람객은 전시관 입구의 'AI 쇼룸'에서 갤럭시 S25 시리즈를 통해 한 문장의 명령어를 말하면 필요한 앱들이 연결되어 한번에 실행되는 기능을 경험할 수 있다.관람객이 갤럭시 S25 시리즈 카메라를 이용해 직접 주변 환경이나 사물을 보여준 뒤 궁금한 점을 질문하면, 비주얼 AI에 기반한 실시간 답변을 받는 기능도 체험 가능하다.'지하철'로 꾸며진 공간에서는 갤럭시AI가 사용자에게 개인화된 맞춤 정보를 제공하는 '나우 브리프(Now Brief)' 기능을 경험할 수 있다.삼성전자는 '학교' 콘셉트의 공간에서 수학, 외국어 등 교과목 문제를 갤럭시 AI로 편리하게 해결하는 등 '갤럭시 S25 시리즈'의 다양한 인공지능(AI) 활용법을 선보인다.엘리베이터 콘셉트로 연출한 '비디오 부스' 공간에서는 '갤럭시 S25 시리즈'와 함께 원하는 테마를 배경으로 자유롭게 영상을 촬영할 수 있다. 체험 후 베스트 장면을 선택해 포토카드를 출력하고, '오디오 지우개'로 불필요한 소음을 제거하는 등 손쉬운 편집도 가능하다.삼성전자는 관람객들이 '갤럭시 AI' 기능을 더욱 폭넓게 이해하고 즐길 수 있도록 알려주는 'AI 클래스'를 운영한다.'AI 클래스'에서는 '갤럭시 S25 시리즈'의 다양한 활용성부터 △편리한 일상을 지원하는 AI △더욱 강력해진 퍼포먼스 △업그레이드된 카메라까지 전반적인 기능을 배워볼 수 있다.특히, 삼성전자는 촬영을 즐기는 1020세대 관람객들을 위해 'AI 카메라 클래스'도 준비했다.관람객은 'AI 카메라 클래스'에서 참여해 '갤럭시 S25 시리즈'로 콘텐츠를 촬영한 후, AI 편집 기능을 사용하고 직접 활용하며 카메라 기능을 보다 깊이 있게 경험할 수 있다.강의는 △선명한 100배 줌과 2억 화소 카메라 △원하지 않는 피사체를 자연스럽게 지우는 'AI 지우개' △나만의 사진 색감을 적용하는 '나만의 필터' △모두가 만족하는 단체 사진을 완성해주는 '베스트 얼굴' △전문가와 사진애호가들을 위한 'Expert Raw'앱 사용방법 등 다채로운 카메라 기능을 체계적으로 설명한다.관람객은 'AI 클래스'와 'AI 카메라 클래스'에서 배운 내용을 토대로 맞춤형 실습 프로그램을 통해 직접 기능을 사용해보며 일상 활용법을 익힐 수 있다.'미션존'에서는 △패션 △공부 △여행 △스포츠 등 1020 일상에 맞춘 카테고리의 미션을 수행하며 '갤럭시 AI'의 다양한 활용성과 편의성을 체험할 수 있다.특히, 스포츠 미션에서 실시간 비주얼 AI를 활용해 타격 자세를 추천받고, 야구장 배경으로 인증샷을 촬영한 뒤 생성형 AI로 완성한 모습을 인화할 수 있다.삼성전자는 '빅스비'와 '스마트싱스'를 활용해서 2030세대들의 높은 관심을 받고 있는 AI홈과 헬스 기능을 체험할 수 있는 공간도 마련했다.관람객들은 이 곳에서 아침 기상, 운동, 외출 등 일상의 여러 상황에서 빅스비와 스마트싱스로 △TV △에어컨 △세탁기 △청소기 등 여러 가전을 손쉽게 제어해보는 체험을 할 수 있다.이외에도 △갤럭시 북5 Pro 360 △갤럭시 탭 S10 시리즈 등 갤럭시AI 생태계를 체험할 수 있는 제품도 자유롭게 체험 가능하다.삼성전자 관계자는 ""이번 전시는 더욱 진화한 '갤럭시 AI'를 보다 밀도 있게 경험하고 폭넓게 활용할 수 있도록 프로그램을 구성됐다""며 ""클래스와 실습 콘텐츠 등 대폭 강화한 색다른 체험 요소와 함께 '갤럭시 AI'가 만들어 가는 가치 있는 일상을 실감나게 경험해 보길 바란다""고 전했다."
"삼성전자, '월드IT쇼' 참가…진화된 '갤럭시 AI'로 새로운 일상 제안","24일부터 코엑스서 '갤럭시 AI' 체험 가능한 전시공간 마련1030세대의 일상을 반영한 '미션존', 'AI 홈·헬스존'으로 구성



24일 서울 코엑스에서 개막한 '2025 월드IT쇼' 삼성전자관 전경ⓒ삼성전자[데일리안 = 조인영 기자] 삼성전자가 24일부터 26일까지 서울 삼성동 코엑스(COEX)에서 진행되는 '2025 월드IT 쇼(2025 World IT Show)'에 참가해 진화한 '갤럭시 AI'가 제안하는 새로운 일상을 선보인다.삼성전자는 갤럭시 S 시리즈 디자인의 곡선을 반영한 라운드 형태로 870㎡(263평) 규모의 전시공간을 조성하고, '갤럭시 S25 시리즈'를 중심으로 다양한 '갤럭시 AI' 기능을 경험할 수 있는 체험 프로그램을 마련했다.관람객들은 체험존에서 '갤럭시 AI' 기능을 안내 받은 후, 체험 프로그램과 함께 기능을 자연스럽게 경험할 수 있다.일상 속 공간에서 더욱 흥미롭게 체험하는 '갤럭시 AI'삼성전자는 지하철, 학교 등 일상 공간에서 '갤럭시 S25 시리즈'의 '갤럭시 AI' 기능을 체험할 수 있게 했다.먼저, 관람객은 전시관 입구의 'AI 쇼룸'에서 갤럭시 S25 시리즈를 통해 한 문장의 명령어를 말하면 필요한 앱들이 연결되어 한번에 실행되는 기능을 경험할 수 있다.관람객이 갤럭시 S25 시리즈 카메라를 이용해 직접 주변 환경이나 사물을 보여준 뒤 궁금한 점을 질문하면, 비주얼 AI에 기반한 실시간 답변을 받는 기능도 체험 가능하다.'지하철'로 꾸며진 공간에서는 갤럭시AI가 사용자에게 개인화된 맞춤 정보를 제공하는 '나우 브리프(Now Brief)' 기능을 경험할 수 있다.삼성전자는 '학교' 콘셉트의 공간에서 수학, 외국어 등 교과목 문제를 갤럭시 AI로 편리하게 해결하는 등 '갤럭시 S25 시리즈'의 다양한 AI 활용법을 선보인다.엘리베이터 콘셉트로 연출한 '비디오 부스' 공간에서는 '갤럭시 S25 시리즈'와 함께 원하는 테마를 배경으로 자유롭게 영상을 촬영할 수 있다. 체험 후 베스트 장면을 선택해 포토카드를 출력하고, '오디오 지우개'로 불필요한 소음을 제거하는 등 손쉬운 편집도 가능하다.'갤럭시 AI' 핵심 기능을 심층적으로 배우는 'AI 클래스' 운영삼성전자는 관람객들이 '갤럭시 AI' 기능을 더욱 폭넓게 이해하고 즐길 수 있도록 알려주는 'AI 클래스'를 운영한다.'AI 클래스'에서는 진정한 AI폰 '갤럭시 S25 시리즈'의 다양한 활용성부터 ▲편리한 일상을 지원하는 AI ▲더욱 강력해진 퍼포먼스 ▲업그레이드된 카메라까지 전반적인 기능을 배워볼 수 있다.삼성전자는 촬영을 즐기는 1020세대 관람객들을 위해 'AI 카메라 클래스'도 준비했다.관람객은 'AI 카메라 클래스'에서 참여해 '갤럭시 S25 시리즈'로 콘텐츠를 촬영한 후, AI 편집 기능을 사용하고 직접 활용하며 카메라 기능을 보다 깊이 있게 경험할 수 있다.강의는 ▲선명한 100배 줌과 2억 화소 카메라 ▲원하지 않는 피사체를 자연스럽게 지우는 'AI 지우개' ▲나만의 사진 색감을 적용하는 '나만의 필터' ▲모두가 만족하는 단체 사진을 완성해주는 '베스트 얼굴' ▲전문가와 사진애호가들을 위한 'Expert Raw'앱 사용방법 등 다채로운 카메라 기능을 체계적으로 설명한다.



2025 월드IT쇼 삼성전자관 '미션존'을 방문한 관람객들이 '갤럭시 S25 시리즈'의 '생성형 편집' 기능으로 사진을 편집하고 있는 모습ⓒ삼성전자맞춤형 실습 프로그램으로 '갤럭시 AI' 체험 기회 확대관람객은 'AI 클래스'와 'AI 카메라 클래스'에서 배운 내용을 토대로 맞춤형 실습 프로그램을 통해 직접 기능을 사용해보며 일상 활용법을 익힐 수 있다.'미션존'에서는 ▲패션 ▲공부 ▲여행 ▲스포츠 등 1020 일상에 맞춘 카테고리의 미션을 수행하며 '갤럭시 AI'의 다양한 활용성과 편의성과 흥미롭게 체험할 수 있다.스포츠 미션에서 실시간 비주얼 AI를 활용해 타격 자세를 추천받고, 야구장 배경으로 인증샷을 촬영한 뒤 생성형 AI로 완성한 모습을 인화할 수 있다.삼성전자는 '빅스비'와 '스마트싱스'를 활용해서 2030세대들의 높은 관심을 받고 있는 AI홈과 헬스 기능을 체험할 수 있는 공간도 마련했다.관람객들은 이 곳에서 아침 기상, 운동, 외출 등 일상의 여러 상황에서 빅스비와 스마트싱스로 ▲TV ▲에어컨 ▲세탁기 ▲청소기 등 여러 가전을 손쉽게 제어해보는 체험을 할 수 있다.이 외에도 ▲갤럭시 북5 Pro 360 ▲갤럭시 탭 S10 시리즈 등 갤럭시AI 생태계를 체험할 수 있는 제품도 자유롭게 체험 가능하다.삼성전자 관계자는 ""이번 전시는 더욱 진화한 '갤럭시 AI'를 보다 밀도 있게 경험하고 폭넓게 활용할 수 있도록 프로그램을 구성됐다""며, ""클래스와 실습 콘텐츠 등 대폭 강화한 색다른 체험 요소와 함께 '갤럭시 AI'가 만들어 가는 가치 있는 일상을 실감나게 경험해 보길 바란다""고 전했다.



2025 월드IT쇼 삼성전자관 '미션존'에서 관람객들이 '갤럭시 S25 시리즈'의 '실시간 비주얼 AI' 기능으로 함께 어울리는 의상을 고르는 모습ⓒ삼성전자"
"삼성전자, 2025 월드IT 쇼 참가",(서울=뉴스1) = 삼성전자가 오는 26일까지 서울 삼성동 코엑스에서 진행되는 '2025 월드IT 쇼'에 참가해 진화한 '갤러기 AI'가 제안하는 새로운 일상을 선보인다고 24일 밝혔다.2025 월드IT쇼 삼성전자관 'AI 홈&헬스존'에서 스마트싱스 앱을 활용해 가전 제어 기능을 체험하고 있다. (삼성전자 제공. 재판매 및 DB 금지) 2025.4.24/뉴스1
"삼성전자, 2025 월드IT 쇼 참가",(서울=뉴스1) = 삼성전자가 오는 26일까지 서울 삼성동 코엑스에서 진행되는 '2025 월드IT 쇼'에 참가해 진화한 '갤러기 AI'가 제안하는 새로운 일상을 선보인다고 24일 밝혔다.2025 월드IT쇼 삼성전자관 '미션존'에서 관람객들이 '갤럭시 S25 시리즈'의 '실시간 비주얼 AI' 기능으로 함께 어울리는 의상을 고르고 있다. (삼성전자 제공. 재판매 및 DB 금지) 2025.4.24/뉴스1
"삼성전자, '2025 월드IT쇼' 참가",(서울=연합뉴스) 삼성전자가 오는 26일까지 서울 강남구 코엑스에서 열린 '2025 월드IT 쇼'에 참가해 진화한 '갤럭시 AI'가 제안하는 새로운 일상을 선보인다고 24일 밝혔다. 관람객들이 스마트싱스 앱을 활용해 가전 제어 기능을 체험하고 있다. 2025.4.24 [삼성전자 제공. 재판매 및 DB 금지]    photo@yna.co.kr
[특징주] 美관세 우려 완화에 반도체주 상승…삼성전자 1.7%↑,"반도체주 (PG)[백수진 제작] 일러스트(서울=연합뉴스) 이민영 기자 = 미국 트럼프 정부의 관세 우려 완화로 엔비디아 등 기술주가 강세를 보이면서 23일 삼성전자 등 국내 반도체주 주가가 일제히 오르고 있다.    이날 오전 9시 10분 기준 유가증권시장에서 삼성전자는 전장 대비 1.73% 오른 5만5천950원에 거래되고 있다.    장중에는 5만6천100원까지 오르기도 했다.    SK하이닉스도 3.45% 오른 17만9천800원에 거래 중이며 한미반도체(4.14%) 등도 상승 중이다.    코스닥시장에서도 HPSP(2.13%), 이오테크닉스(2.83%) 등이 강세다.    간밤 스콧 베선트 미국 재무부 장관이 JP모건체이스가 주최한 비공개 투자자 회의에서 중국과 관세 갈등이 완화될 것이라고 말한 소식이 전해지면서 미중 무역협상이 진전될 것이란 기대가 번졌다.    이에 엔비디아가 2% 넘게 올랐으며 브로드컴(2.0%), TSMC(2.4%) 등이 상승하면서 필라델피아반도체지수는 2.1% 올랐다.    mylux@yna.co.kr"
수중카메라 대신 갤럭시 썼더니…농구장 25배 산호초 복원 [영상],"'오션 모드'로 수중 촬영산호초 1만1046개 심어삼성전자가 갤럭시S24 울트라를 활용해 1년 동안 농구장 25배 면적의 산호초를 복원했다.삼성전자는 21일 갤럭시 카메라 기술을 활용한 해양 생태계 복원 프로젝트 '코랄 인 포커스'의 1주년 성과를 공개했다. 지난해부터 미국 캘리포니아대학교 샌디에이고(UCSD)의 해양학 연구소 '스크립스', 미국 비영리단체 '시트리'와 함께 진행한 산호초 복원 프로젝트다.'코랄 인 포커스' 프로젝트는 산호초의 주요 서식지면서 훼손 피해가 심각한 미국 플로리다, 인도네시아 발리, 피지 비티레부섬를 중심으로 추진됐다. 바닷속 산호초 사진을 촬영하면 수집한 사진을 연구소로 전달하고, 연구소는 사진을 기반으로 3D 산호초 복원도를 제작하며 여러 복원 활동에 활용하는 방식이다.



삼성전자가 해양 보호를 위해 갤럭시 카메라 기술을 활용한 해양 생태계 복원 프로젝트 '코랄 인 포커스'를 위해 산호초를 찍고 있다. 영상=삼성전자삼성전자는 해당 프로젝트의 '눈' 역할을 도맡았다. 바닷속 산호초를 수월하게 촬영할 수 있도록 수중 사진 촬영에 최적화된 갤럭시 스마트폰 카메라용 '오션 모드'를 개발했다. 각 지역 활동 단체들은 해당 모드가 탑재된 갤럭시S24 울트라를 활용해 현지에서 산호초 사진을 촬영한다.삼성전자의 '오션 모드'가 있기 전까지 산호초는 크기가 크고 보조 장비까지 달린 수중 카메라로만 찍을 수 있었다. 카메라의 복잡한 작동 방식, 크기, 무게 등으로 힘들게 산호초를 촬영해야 했다. 하지만 이제는 가볍고 얇은 갤럭시 스마트폰을 사용해 10ｍ 이상 잠수부터 근접 촬영까지 수월해졌다.촬영 방식뿐만 아니라 결과물의 질도 향상됐다. 오션 모드를 통해 산호초를 촬영하면 수중 촬영 시 발생하는 과도한 파란색 톤을 줄이고 산호초 본연의 색상을 촬영할 수 있다. 셔터스피드 최적화·멀티 프레임 영상 처리 기술 기반으로 모션 블러 발생도 최소화했다. 인터벌 기능으로 한 번에 수천장의 고화질 산호초도 찍을 수도 있다.



삼성전자가 해양 보호를 위해 갤럭시 카메라 기술을 활용한 해양 생태계 복원 프로젝트 '코랄 인 포커스(Coral in Focus)'를 위해 산호초를 심고 있다. 사진=삼성전자갤럭시 스마트폰의 오션 모드로 촬영한 사진은 총 17개의 3D 산호초 복원도로 제작됐다. 이를 바탕으로 바닷속 생태계를 관찰하며 새롭게 심어진 산호 수는 총 1만1046개로 농구장 25배인 1만705㎡의 해양 내 산호초 면적이 복원됐다.삼성전자는 환경 지속 가능성 비전인 '지구를 위한 갤럭시'를 지난 2021년 발표한 이후 환경 보호를 위한 노력을 지속해 왔다. 수명이 다하거나 바다에 버려진 폐어망을 정밀한 스마트폰 부품 소재로 재활용해 갤럭시S22 시리즈에 적용하는 등 환경 보호에 힘쓰고 있다."
"삼성전자, 1년간 농구장 25배 면적의 산호초 복원","산호초 복원 프로젝트 성과 공개1만 1046개의 산호가 새롭게 심어져



삼성전자가 해양 보호를 위해 갤럭시 카메라 기술을 활용한 해양 생태계 복원 프로젝트 ‘코랄 인 포커스’를 위해 산호초를 심는 모습.삼성전자 제공삼성전자는 해양 보호를 위해 갤럭시 카메라 기술을 활용한 해양 생태계 복원 프로젝트 ‘코랄 인 포커스’의 1주년 성과를 공개했다고 21일 밝혔다.삼성전자는 지난해부터 미국 캘리포니아대 샌디에이고(UCSD)의 해양학 연구소 스크립스와 미국 비영리단체 시트리와 함께 산호초 복원 프로젝트를 진행하고 있다.UCSD의 해양학 연구소 스크립스는 1903년 설립된 해양 전문 연구소이고, 시트리는 해양 환경·생태계 보호를 위해 2011년 설립해, 미국·멕시코·케냐·인니·호주 등 각 지역 활동 단체와 협업해 다양한 해양·수상 식물 보호 활동을 하고 있다.코랄 인 포커스 프로젝트는 산호초 주요 서식지이자 최근 파괴가 심각한 미국 플로리다, 인도네시아 발리, 피지 비티레부섬에서 갤럭시 스마트폰으로 바닷속 산호초 사진을 촬영해 산호초의 현재 상태를 모니터링하고 복원 활동에 기여하는 프로젝트다.삼성전자는 해양 생태계를 보호하기 위해 노력해 왔다. 수명이 다하거나 바다에 버려진 폐어망을 정밀한 스마트폰 부품 소재로 재활용해 ‘갤럭시 S22 시리즈’에 해당 소재를 처음 적용했고, 이후 태블릿·PC·웨어러블 등 갤럭시의 다양한 제품군으로 소재 적용을 확대했다.여기에 한발 더 나아가 산호초 복원 프로젝트를 통해 해양 생태계 복원을 위한 기술 혁신 노력을 이어가고 있다.삼성전자는 해당 프로젝트를 위해 바닷속 산호초 촬영을 위한 수중 사진 촬영에 최적화된 갤럭시 스마트폰 카메라용 ‘오션 모드’를 개발했고, 각 지역 활동 단체들은 해당 모드가 탑재된 ‘갤럭시 S24 울트라’를 활용해 현지에서 산호초 사진을 촬영하고 있다. 오션모드는 본 프로젝트를 위해 개발된 갤럭시 카메라 모드로, 지역 활동 단체에만 제공되고 있다.이전에는 크고 보조 장비까지 달린 수중 카메라를 들고 잠수해 카메라의 복잡한 버튼과 불편한 움직임으로 힘든 사진 촬영을 했으나, 갤럭시 오션 모드 촬영 지원으로 연구가 수월해졌다. 가볍고 얇아 수면 10m 아래로 잠수하기 편해졌고 산호초 근접 촬영도 쉬워졌다.이 프로젝트를 통해 갤럭시 스마트폰의 오션 모드로 촬영한 산호초 사진은 총 17개의 3D 산호초 복원도로 제작됐으며 산호초 군락 재생의 토대가 됐다. 또한 바닷속 생태계를 관찰하며 새롭게 심어진 산호수는 총 1만 1046개이며, 농구장 25배인 1만 705㎡의 해양 내 산호초 면적이 복원되는 결과를 얻었다. 농구장 풀코트 규격 기준은 가로 28m, 세로 15m다.산호초는 해양 생물에게 중요한 서식지를 제공하고, 해양 환경 보호와 탄소 순환에 기여하는 필수적인 역할을 담당한다. 이러한 산호초를 복원하는 것은 해양 생태계의 지속가능성을 확보하는 데 필수적이다.현지에서 갤럭시 스마트폰을 통해 수집된 다수의 산호초 사진은 스크립스 연구소로 전달돼 3D 산호초 복원도를 제작하고 다양한 연구를 진행하는 데 사용된다. 그리고 지역 활동 단체들은 다시 해당 연구 결과를 바탕으로 산호초 복원 작업을 진행하게 된다.현지 활동가들은 삼성전자가 개발한 오션 모드를 통해 수중 촬영시 발생하는 과도한 파란색 톤을 줄이고 산호초 본연의 색상을 촬영할 수 있고, 셔터스피드 최적화·멀티 프레임 영상 처리 기술 기반으로 사진 결과물 내 모션블러 발생을 최소화하는 한편, 인터벌 기능을 활용해서 한 번에 수천장의 고화질 산호초 사진 촬영이 가능하다."
"삼성전자, 갤럭시 카메라로 농구장 25배 면적 산호초 복원","삼성전자 관계자들이 해양 보호를 위해 갤럭시 카메라 기술을 활용한 해양 생태계 복원 프로젝트 '코랄 인 포커스'를 위해 산호초를 심고 있다. 삼성전자 제 [파이낸셜뉴스] 삼성전자는 해양 보호를 위해 갤럭시 카메라 기술을 활용한 해양 생태계 복원 프로젝트 '코랄 인 포커스'의 1주년 성과를 공개했다고 21일 밝혔다.   삼성전자는 지난해부터 미국 캘리포니아대 샌디에이고(UCSD)의 해양학 연구소 스크립스와 미국 비영리단체 시트리와 함께 산호초 복원 프로젝트를 진행하고 있다.   코랄 인 포커스 프로젝트는 산호초 주요 서식지이자 최근 파괴가 심각한 미국 플로리다, 인도네시아 발리, 피지 비티레부섬에서 갤럭시 스마트폰으로 바닷속 산호초 사진을 촬영해 산호초의 현재 상태를 모니터링하고 복원 활동에 기여하는 프로젝트다.   삼성전자는 해양 생태계를 보호하기 위해 노력해 왔다. 수명이 다하거나 바다에 버려진 폐어망을 정밀한 스마트폰 부품 소재로 재활용해 갤럭시 S22 시리즈에 해당 소재를 처음 적용했고, 이후 태블릿·PC·웨어러블 등 갤럭시의 다양한 제품군으로 소재 적용을 확대했다.   삼성전자는 해당 프로젝트를 위해 바닷속 산호초 촬영을 위한 수중 사진 촬영에 최적화된 갤럭시 스마트폰 카메라용 '오션 모드'를 개발했고, 각 지역 활동 단체들은 해당 모드가 탑재된 갤럭시 S24 울트라를 활용해 현지에서 산호초 사진을 촬영하고 있다.   이전에는 크고 보조 장비까지 달린 수중 카메라를 들고 잠수해 카메라의 복잡한 버튼과 불편한 움직임으로 힘든 사진 촬영을 했으나, 갤럭시 오션 모드 촬영 지원으로 연구가 수월해졌다. 가볍고 얇아 수면 10m 아래로 잠수하기 편해졌고 산호초 근접 촬영도 쉬워졌다.   이 프로젝트를 통해 갤럭시 스마트폰의 오션 모드로 촬영한 산호초 사진은 총 17개의 3D 산호초 복원도로 제작됐다.산호초 군락 재생의 토대가 됐다. 또 바닷속 생태계를 관찰하며 새롭게 심어진 산호 수는 총 1만1046개이며, 농구장 25배인 1만705㎡의 해양 내 산호초 면적이 복원되는 결과를 얻었다.   갤럭시 스마트폰을 통해 수집된 다수의 산호초 사진은 스크립스 연구소로 전달돼 3D 산호초 복원도를 제작하고 다양한 연구를 진행하는 데 사용된다. 지역 활동 단체들은 다시 해당 연구 결과를 바탕으로 산호초 복원 작업을 진행하게 된다.   현지 활동가들은 삼성전자가 개발한 오션 모드를 통해 △수중 촬영 시 발생하는 과도한 파란색 톤을 줄이고 산호초 본연의 색상을 촬영할 수 있고 △셔터스피드 최적화 및 멀티 프레임 영상 처리 기술 기반으로 사진 결과물 내 모션블러 발생을 최소화하는 한편 △인터벌 기능을 활용해서 한 번에 수천장의 고화질 산호초 사진 촬영이 가능하다."
"삼성전자, ‘AI 사전 케어 알림’ 서비스 시작","AI가 진단·방문 수리 접수 알아서 지원10개 품목에 지원…24개 증상 진단



삼성전자서비스 엔지니어가 ‘AI 사전 케어 알림’ 서비스를 통해 방문 수리 서비스를 예약한 ‘AI 구독클럽’ 고객에게 상담을 제공하고 있다.삼성전자 제공삼성전자는 구독 중인 가전 제품에 대한 이상 징후 발견 시 고객에게 전화로 안내하고 방문 수리 접수까지 해주는 ‘AI 사전 케어 알림’ 서비스로 가전 구독 케어 사업을 강화한다고 21일 밝혔다.AI 사전 케어 알림은 AI가 원격진단시스템에서 수집된 데이터를 분석해 가전 제품의 이상 징후가 감지되면 사용자에게 푸시 알림을 발송한 후 진단 내용을 유선으로 안내하는 서비스다. 원격진단시스템은 스마트싱스에 연결된 제품에 한해서 가동된다.삼성전자는 제품 구매부터 사용, 관리, 수리까지 전 과정에서 고객의 편의성을 높이며 구독에서도 ‘AI가전=삼성’ 공식을 굳히고 있다.삼성전자서비스 전문 상담사가 진행하는 AI 사전 케어 알림은 AI 진단 내용 설명, 기기 상태 확인, 방문 수리 예약까지 지원해준다.시간이 부족한 고객은 번거롭게 직접 AS를 접수할 필요 없어 더욱 유용하다.특히 제품의 문제점을 사전에 파악해 조기에 문제를 해결할 수 있어 비용과 시간을 절약할 수 있다.예를 들어 냉장고의 이상 온도 변화가 감지되거나 에어컨의 냉매가 부족할 경우 등 문제가 될 수 있는 증상을 미리 발견해 큰 고장으로 이어지는 것을 사전에 방지한다.또한 에어컨 등 계절성 가전 제품의 경우 조기 진단을 통해 방문 수리 필요 시 여름 성수기를 피해 보다 여유롭게 예약할 수 있다.AI 사전 케어 알림은 구독 대상 제품 중 에어컨, 세탁기, 건조기, 냉장고, 김치냉장고, 식기세척기, 인덕션, 오븐, 로봇청소기, 에어드레서 등 10개 품목에 도입됐다.에어컨 냉매 부족 예상, 냉장실 이상 고온 감지, 세탁기 통신 모듈 점검 등 24개의 다양한 증상을 진단할 수 있다.삼성전자는 AI 사전 케어 알림을 구독 케어 서비스 가입 고객 대상으로 별도 요금 없이 제공하며, 향후 대상 품목과 사전에 파악할 수 있는 증상을 점차 확대할 계획이다.고객이 ‘AI 구독클럽’ 가입 시점에 동의한 개인정보 수집·이용 범위에 포함되며, 서비스 이용을 원치 않을 경우 언제든 수신 거부가 가능하다.AI 구독클럽 고객은 기기 진단 결과, 기기 사용 패턴, 에너지 사용량 등의 정보를 제공하는 ‘월간 케어 리포트’도 월 1회 받아볼 수 있어 구독중인 제품의 상태를 지속 확인할 수 있다.한편, 삼성전자는 구독 고객에게 보다 전문적이며 원활한 서비스를 제공하기 위해 올해 초 삼성전자판매, 삼성전자서비스, 삼성전자로지텍 등에 구독 전담 조직을 운영해 협력을 강화하고 있다."
"삼성전자, ‘AI 사전 케어 알림’ 서비스 개시","AI가 진단부터 방문수리 접수까지 알아서10개 품목 지원, 24개 증상 미리 진단해



삼성전자서비스 엔지니어가 ‘AI 사전 케어 알림’ 서비스를 통해 방문 수리 서비스를 예약한 ‘AI 구독클럽’ 고객에게 상담을 제공하고 있다. [삼성전자 제공][헤럴드경제=김현일 기자] 삼성전자가 구독 중인 가전 제품의 이상 징후가 발견되면 알림부터 방문수리 접수까지 알아서 해주는 ‘AI 사전 케어 알림’ 서비스를 시작했다.21일 삼성전자에 따르면 ‘AI 사전 케어 알림’은 구독 케어 서비스 가입 고객이라면 별도 요금 없이 이용 가능하다.AI가 원격진단으로 수집한 데이터를 분석해 가전 제품의 이상이 감지되면 삼성전자서비스 전문 상담사가 사용자에게 푸시 알림을 보내고, 진단 내용을 유선으로 안내한다.냉장고의 이상 온도변화가 감지되거나 에어컨의 냉매가 부족할 경우 조기에 문제를 발견해 큰 고장으로 이어지는 것을 사전에 막아준다.고객이 직접 A/S를 접수할 필요 없어 시간을 절약할 수 있는 장점이 있다. 특히 에어컨 같은 계절가전은 여름 성수기를 피해 여유롭게 방문수리를 예약할 수 있다.‘AI 사전 케어 알림’은 에어컨, 세탁기, 건조기, 냉장고, 김치냉장고, 식기세척기, 인덕션, 오븐, 로봇청소기, 에어드레서 등 10개 품목에 우선 도입됐다. 세탁기 통신 모듈 점검 등 24개의 다양한 증상을 진단할 수 있다.삼성전자는 향후 대상 품목과 사전에 파악할 수 있는 증상을 점차 확대할 계획이다.‘AI 구독클럽’ 고객은 ▷기기 진단 결과 ▷기기 사용 패턴 ▷에너지 사용량 등의 정보를 제공하는 ‘월간 케어 리포트’도 월 1회 받아볼 수 있다.한편, 삼성전자는 구독 고객에게 보다 전문적이며 원활한 서비스를 제공하기 위해 올해 초 ▷삼성전자판매 ▷삼성전자서비스 ▷삼성전자로지텍 등에 구독 전담 조직을 운영해 협력을 강화하고 있다."
"삼성전자, 구독 가전에 'AI 사전케어 알림' 서비스","AI가 진단부터 방문 수리접수까지 알아서 지원10개 품목 지원, 24개 증상 미리 진단해 알림삼성전자가 구독 중인 가전제품의 이상 징후를 인공지능(AI)으로 감지하는 'AI 사전케어 알림' 서비스를 도입한다고 21일 밝혔다.AI 사전케어 알림은 AI가 원격진단 시스템에서 수집된 데이터를 분석해 가전 제품의 이상 징후가 감지되면, 사용자에게 푸시 알림을 발송한 후 진단 내용을 유선으로 안내하는 서비스다.



삼성전자는 구독가전 고장을 미리 알려주는 'AI 사전케어 알림' 서비스를 실시한다고 21일 밝혔다. [사진=삼성전자]원격 진단 시스템은 스마트싱스에 연결된 제품에 한해 가동되며, 삼성전자서비스의 전문 상담사가 AI가 진단한 기기 상태를 고객에게 설명해준다.이를 통해 제품의 문제점을 사전에 파악해 조기에 문제를 해결할 수 있어 비용과 시간을 절약할 수 있다고 삼성전자는 설명했다.진단 가능 범위는 에어컨의 냉매 부족 예상, 냉장실 이상 고온 감지, 세탁기 통신 모듈 점검 등 24개 증상이다.AI 사전케어 알림은 에어컨, 세탁기, 건조기, 냉장고, 김치냉장고, 식기세척기, 인덕션, 오븐, 로봇청소기, 에어드레서 등 10개 구독 가전에 도입됐다.AI 사전케어 알림 서비스는 삼성전자 대형가전을 구독 구매한 고객 상당수가 해당될 것으로 보인다.삼성전자는 이 서비스가 고객이 'AI 구독클럽' 가입 시점에 동의한 개인정보 수집·이용 범위에 포함되며, 서비스 이용을 원치 않을 경우 언제든 수신 거부가 가능하다고 설명했다."
"[뉴템] 삼성전자, 키칫핀 맥스 냉장고 출시...'푸드 쇼케이스' 도어 적용","삼성전자가 '푸드 쇼케이스' 도어를 적용한 '비스포크 AI 하이브리드 키친핏 맥스' 냉장고를 선보였다. [ⓒ삼성전자][디지털데일리 옥송이 기자] 삼성전자는 키친핏 냉장고 모델 최초로 '푸드 쇼케이스' 도어를 적용한 '비스포크 AI 하이브리드 키친핏 맥스' 신제품을 출시한다고 24일 발표했다.기존 주방 가구에 빌트인처럼 빈틈없이 설치할 수 있는 '키친핏 맥스' 타입 냉장고에, 음료나 소스 등 자주 사용하는 식재료를 빠르고 쉽게 꺼낼 수 있는 '푸드 쇼케이스' 도어를 탑재한 것이 특징이다.키친핏 맥스 디자인이 적용된 냉장고는 좌우 4mm만 있으면 가구장에 빈틈없이 딱 맞게 설치할 수 있고, 냉장고 문을 90도 이상 활짝 열 수 있다.반도체 소자로 내부 온도를 조절해 식품을 더욱 신선하게 보관하는 'AI 하이브리드 쿨링', 음성만으로 냉장고 문을 열거나 온도 조절을 할 수 있는 '빅스비', 식품 관리, 제품 제어부터 사진∙음악 감상까지 가능한 'AI 스크린', 냉장고에 들어오고 나가는 식재료를 인식해 편리하게 관리할 수 있도록 돕는 'AI 비전 인사이드' 등이 적용됐다.삼성전자는 신제품 출시에 맞춰 다양한 혜택의 프로모션을 6월 30일까지 진행한다.비스포크 AI 하이브리드 키친핏 맥스 모델의 출고가는 용량과 색상 등 옵션에 따라 379만 원~449만 원이다.김용훈 삼성전자 한국총괄 상무는 ""'비스포크 AI 하이브리드 키친핏 맥스'는 사용자의 편의성을 극대화한 제품""이라며 ""인테리어와 제품 편의성을 모두 중시하는 소비자들에게 최적의 선택이 될 것""이라고 말했다."
"삼섬헬스서 '홈트' 가능해진다?… 삼성전자-콰트, 파트너십 체결","사진=콰트 제공온라인 홈트레이닝 플랫폼 콰트(QUAT)를 운영하는 엔라이즈가 삼성전자와 파트너십을 체결했다고 23일 밝혔다.이번 파트너십에 따라 삼성헬스 사용자들은 필라테스·요가·스트레칭 등 전문 트레이너가 제작한 운동 프로그램을 무료로 만나볼 수 있게 됐다. 콰트의 홈 피트니스 콘텐츠는 삼성헬스 내 ‘피트니스’ 탭에서 제공되며, 서비스는 7개국에서 시작해 향후 추가 언어 번역을 통해 확대할 예정이다.콰트는 이번 파트너십을 기념해 삼성헬스 이용자를 대상으로 맞춤형 공동 프로모션도 함께 마련했다. 삼성헬스 사용자들은 콰트 멤버십의 월 구독권을 30% 할인된 가격으로 이용할 수 있으며 보다 합리적인 비용으로 프리미엄 홈 피트니스 콘텐츠를 경험할 수 있다.콰트는 국내 최초로 운동 콘텐츠와 운동 기구, 구독 모델을 결합한 서비스로, 개인 맞춤형 운동 추천, 운동 상담, 식단 관리 등을 통해 지속 가능한 건강 습관 형성을 지원한다.삼성전자의 종합 건강 관리 서비스인 삼성 헬스는 월간 활성 사용자 수(MAU)는 6400만명, 누적 설치 수는 기본 탑재 기기를 포함해 20억 회 이상을 기록하고 있다. 체중·혈압·혈당 등 건강 데이터 모니터링은 물론, 운동량 기록, 수면·마음 건강 등의 건강 지표 모니터링 기능도 제공한다.엔라이즈 김봉기 대표는 “콰트는 국내 대표 홈 트레이닝 콘텐츠 플랫폼으로서 서비스 고도화·활성화를 목표로 삼성헬스와 파트너십을 진행하기로 했다“며 “이번 협업을 계기로 삼성헬스 사용자들에게 차별화된 운동 경험과 체계적인 커리큘럼을 선보이겠다”고 말했다."
"엔라이즈, 삼성전자와 맞손…삼성헬스서 홈 피트니스 즐긴다","삼성헬스 파트너십 통해 국내 대표 운동 서비스 목표차별화된 운동 경험과 체계적인 커리큘럼 선보일 예정[이데일리 김영환 기자] 온라인 홈트레이닝 플랫폼 콰트(QUAT)를 운영하는 엔라이즈가 삼성전자와 파트너십을 체결했다고 23일 밝혔다.



(사진=엔라이즈)이번 파트너십에 따라 삼성헬스 사용자들은 필라테스, 요가, 스트레칭 등 전문 트레이너가 제작한 운동 프로그램을 무료로 만나볼 수 있게 됐다. 콰트의 홈 피트니스 콘텐츠는 삼성헬스 내 ‘피트니스’ 탭에서 제공되며 서비스는 7개국에서 시작해 향후 추가 언어 번역을 통해 확대할 예정이다.콰트는 이번 파트너십을 기념해 삼성헬스 이용자를 대상으로 맞춤형 공동 프로모션도 함께 마련했다. 삼성헬스 사용자들은 콰트 멤버십의 월 구독권을 30% 할인된 가격으로 이용할 수 있으며 보다 합리적인 비용으로 프리미엄 홈 피트니스 콘텐츠를 경험할 수 있다.콰트는 국내 최초로 운동 콘텐츠와 운동 기구, 구독 모델을 결합한 서비스로 개인 맞춤형 운동 추천, 운동 상담, 식단 관리 등을 통해 지속 가능한 건강 습관 형성을 지원한다. 피트니스 콘텐츠를 넘어 커머스 영역까지 확장하며 건강관리 슈퍼앱으로 성장하고 있다.삼성전자의 종합 건강 관리 서비스인 삼성 헬스는 월간 활성 사용자 수(MAU)는 6400만명, 누적 설치 수는 기본 탑재 기기를 포함해 20억 회 이상을 기록하고 있다. 체중, 혈압, 혈당 등 건강 데이터 모니터링은 물론, 운동량 기록, 수면 및 마음 건강 등의 건강 지표 모니터링 기능도 제공한다.김봉기 엔라이즈 대표는 “콰트는 국내 대표 홈 트레이닝 콘텐츠 플랫폼으로서 서비스 고도화 및 활성화를 목표로 삼성헬스와 파트너십을 진행하기로 했다”며 “이번 협업을 계기로 삼성헬스 사용자들에게 차별화된 운동 경험과 체계적인 커리큘럼을 선보이겠다”고 말했다."
[특징주] 美관세 우려 완화에 반도체주 상승…삼성전자 1.7%↑,"반도체주 (PG)[백수진 제작] 일러스트(서울=연합뉴스) 이민영 기자 = 미국 트럼프 정부의 관세 우려 완화로 엔비디아 등 기술주가 강세를 보이면서 23일 삼성전자 등 국내 반도체주 주가가 일제히 오르고 있다.    이날 오전 9시 10분 기준 유가증권시장에서 삼성전자는 전장 대비 1.73% 오른 5만5천950원에 거래되고 있다.    장중에는 5만6천100원까지 오르기도 했다.    SK하이닉스도 3.45% 오른 17만9천800원에 거래 중이며 한미반도체(4.14%) 등도 상승 중이다.    코스닥시장에서도 HPSP(2.13%), 이오테크닉스(2.83%) 등이 강세다.    간밤 스콧 베선트 미국 재무부 장관이 JP모건체이스가 주최한 비공개 투자자 회의에서 중국과 관세 갈등이 완화될 것이라고 말한 소식이 전해지면서 미중 무역협상이 진전될 것이란 기대가 번졌다.    이에 엔비디아가 2% 넘게 올랐으며 브로드컴(2.0%), TSMC(2.4%) 등이 상승하면서 필라델피아반도체지수는 2.1% 올랐다.    mylux@yna.co.kr"
"삼성전자, 트럼프 2기 취임식에 31.5만弗 기부…현대차·한화도","트럼프 1기 때보다 3배 가까이 증액현대차 100만弗·한화디펜스 50만弗총 기부금은 2억3900만弗 '역대 최대'우리나라 주요 기업들이 올해 초 도널드 트럼프 미국 대통령의 취임식에 고액을 기부한 것으로 확인됐다.



연합뉴스미국 연방선거관리위원회(FEC)가 22일 공개한 서류에 따르면, 삼성전자 미국 법인은 지난 1월20일 트럼프 대통령의 취임식에 31만5000달러(약 4억5000만원)를 기부했다.앞서 삼성전자는 2017년 트럼프 1기 취임식에서도 10만달러(약 1억4300만원)를 기부한 바 있다. 당시 우리 기업 중 기부금을 낸 기업은 삼성전자가 유일했다. 이번 2기 취임식에는 약 3배 이상 기부금 액수가 늘었다.현대차 미국 법인도 지난 1월6일 100만달러(약 14억2600만원)를 기부금으로 냈다. 한화디펜스와 한화큐셀은 각각 50만달러(약 7억1300만원)를 기부했다.우리 기업들의 잇따른 기부는 새로운 트럼프 행정부와의 접점을 넓히고 관세 부과 등으로 인해 불확실성이 커진 미국 시장에서 활로를 확보하기 위한 차원으로 이뤄진 조치로 풀이된다.한편 트럼프 대통령은 취임식에서 총 2억3900만달러(약 3400억원)에 달하는 기부금을 받은 것으로 드러났다. 1기 취임식(1억700만달러)보다 2배 이상 많고 미국 대통령 취임식 기부금 중 역대 최대다."
"삼성전자, 트럼프 대통령 취임식에 31만 달러 기부","美연방선거관리위, 취임식 기부금액 공개삼성, 트럼프 1기 때보다 3배 가까이 증액현대차, 한화 등도 100만 달러씩 각각 기부



ⓒ연합뉴스[데일리안 = 정인혁 기자] 삼성전자가 도널드 트럼프 미국 대통령의 취임식에 31만5000 달러(한화 약 4억4700만원)를 기부한 것으로 뒤늦게 알려졌다.미국 연방선거관리위원회(FEC)가 20일(현지 시간) 공개한 서류에 따르면 삼성전자 미국법인은 지난 1월 20일 열린 트럼프 2기 취임식에 31만5000 달러를 현물로 기부했다. 삼성전자가 2017년 트럼프 1기 취임식에 기부한 10만 달러보다 3배 가량 금액이 늘었다.트럼프 행정부가 관세 부과 등으로 불확실성을 키우는 상황에서 이에 대응하는 차원의 조치로 풀이된다.삼성전자는 지난달 트럼프 대통령 보좌를 총괄하는 수지 와일스 백악관 비서실장의 딸이 소속된 로비 업체인 '콘티넨털 스트래티지'와 계약하는 등 대미 대관 역량 강화에 공들이고 있다.국내 기업 중에는 현대차와 한화도 트럼프 취임식에 기부금을 냈다.현대차 미국 법인은 지난 1월 6일 100만 달러(14억2600만원)를 기부금으로 냈다. 한화디펜스와 한화큐셀은 각각 50만 달러(7억1300만원)를 기부했다.이 외 뱅크오브아메리카, 골드만삭스 등 금융기업을 비롯해 애플, 메타, 오픈AI, 엔비디아 등의 기술 기업들도 수백 만 달러를 냈다. 100만 달러 이상 낸 개인 혹은 회사가 130여 곳으로, 전체 모금액의 60%를 차지했다.한편, 트럼프 대통령이 이번 취임식에서 기부 받은 돈은 총 2억3900만 달러(3400억원)에 달한다. 1기 취임식(1억700만 달러)보다 2배 이상 많으며, 미국 대통령 취임식 기부금 중 역대 최대다."
[특징주] 美관세 우려 완화에 반도체주 상승…삼성전자 1.7%↑,"반도체주 (PG)[백수진 제작] 일러스트(서울=연합뉴스) 이민영 기자 = 미국 트럼프 정부의 관세 우려 완화로 엔비디아 등 기술주가 강세를 보이면서 23일 삼성전자 등 국내 반도체주 주가가 일제히 오르고 있다.    이날 오전 9시 10분 기준 유가증권시장에서 삼성전자는 전장 대비 1.73% 오른 5만5천950원에 거래되고 있다.    장중에는 5만6천100원까지 오르기도 했다.    SK하이닉스도 3.45% 오른 17만9천800원에 거래 중이며 한미반도체(4.14%) 등도 상승 중이다.    코스닥시장에서도 HPSP(2.13%), 이오테크닉스(2.83%) 등이 강세다.    간밤 스콧 베선트 미국 재무부 장관이 JP모건체이스가 주최한 비공개 투자자 회의에서 중국과 관세 갈등이 완화될 것이라고 말한 소식이 전해지면서 미중 무역협상이 진전될 것이란 기대가 번졌다.    이에 엔비디아가 2% 넘게 올랐으며 브로드컴(2.0%), TSMC(2.4%) 등이 상승하면서 필라델피아반도체지수는 2.1% 올랐다.    mylux@yna.co.kr"
"삼성전자, 북미 명문대와 'START' 산학협력 프로젝트","스탠퍼드대·MIT 등 북미 명문 공대와 실시매년 실시…올해 로봇, 6G 등 5개 분야 공모[이데일리 조민정 기자] 삼성전자(005930)가 스탠퍼드대, 매사추세츠공과대(MIT) 등 북미 명문대와 함께 START(전략적 기술 동맹) 프로젝트를 실시한다.



(사진=방인권 기자)22일 업계에 따르면 삼성전자는 스탠퍼드대, MIT, 캘리포니아공과대, 토론토대 등 북미 지역 명문 공대와 첨단 기술을 함께 개발하는 ‘START’ 프로젝트를 시작했다. 해당 프로젝트는 매년 삼성전자가 실시하는 산학협력 프로그램이다.START 프로그램은 학계와 협력해 새로운 기술을 식별하고 첨단 연구를 수행하는 것을 목표로 한다. 산학 파트너십을 강화하기 위한 목적으로 삼성리서치아메리카(SRA)에서 실시한다. 연구원들은 삼성 기기 등 새로운 경험을 형성할 초기 단계 혁신을 위해 연구개발(R&D) 팀과 협력할 수 있다.해당 프로그램은 삼성전자가 R&D를 하는 과정에서 파악한 기술적 난제를 공개하면 공대 연구실이 해결책을 내는 식으로 진행된다. 올해 삼성전자가 낸 아이디어 공모 분야는 로봇, 디지털 헬스케어, 6세대(6G) 이동통신, 멀티모달 AI, 차세대 카메라 등 5개 분야다. 삼성전자는 프로젝트와 관련해 각 대학이 제출한 연구계획서의 적정성 등을 검토하고 있는 것으로 전해졌다. 파트너 대학은 오는 6월 최종 확정한다."
"삼성전자, 중국 추격에 구형 D램 DDR4 생산 단계적 중단... 첨단 메모리로 재편","삼성전자가 구형 D램인 DDR4 생산을 단계적으로 중단한다. CXMT 등 중국 메모리 업체의 물량 공세로 D램 경쟁이 격화하는 가운데 DDR5와 고대역폭 메모리(HBM) 같은 고부가가치 메모리로 사업을 재편하려는 움직임이다. DDR(Double Data Rate)은 데이터를 읽고 쓰는 데 특화된 D램의 일종으로, 뒤에 붙는 숫자가 높을수록 최신 세대를 의미한다. DDR4는 지난해 삼성전자 메모리 매출의 30%가량을 차지한 제품이다.



삼성전자 평택 반도체 공장./삼성전자										23일 반도체 업계에 따르면 삼성전자는 최근 대만 고객사들에 DDR4와 LPDDR4 중 일부 품목의 생산이 곧 중단될 예정이며, 늦어도 상반기 내에 주문을 완료하라고 공지했다.LPDDR은 저전력 D램으로 주로 모바일 기기에 사용된다. 특히 구형 제품인 LPDDR4는 중국 내 저가 스마트폰에 주로 탑재된다. 최근 CXMT의 저가형 구형 D램 공세가 거세지면서 이를 고부가가치 제품 중심으로 전환하는 것이다. 현재 삼성전자는 기존 D램 생산 라인을 DDR5 등 고사양 제품 생산 라인으로 바꾸는 작업을 진행 중이다. 반도체 업계 관계자는 “고객사마다 최종 물량이 나가는 일정은 달라지겠지만, 삼성전자가 앞으로 DDR4를 접는 방향으로 가는 것은 맞는다”고 말했다.삼성전자는 지난해 DDR3 메모리 공급을 완전 중단한 것으로 알려졌다. 여기에 1년 만에 그다음 세대인 DDR4까지 빠르게 축소하는 것이다.



중국 CXMT의 LPDDR5 D램./CXMT										반면 중국 메모리 대표 기업인 CXMT는 올해 DDR4를 중심으로 D램 생산능력을 당초 전망보다 크게 늘릴 계획이다. 시장조사 업체 옴디아에 따르면, 올해 CXMT D램 생산량 규모는 273만장(웨이퍼 기준)으로 지난해 162만장 대비 68% 늘어날 전망이다. 시장에서는 CXMT의 D램 생산능력이 20% 수준 늘어날 것으로 봤는데, 이보다 3배 이상 커진 것이다. 업계에서는 이 정도 추세라면 CXMT가 D램 생산량에서 3위인 미국 마이크론을 턱밑까지 추격할 것으로 보고 있다."
"삼성, 구형 D램 생산 중단 수순…HBM·DDR5 등 첨단제품 집중","DDR4 등 10월까지만 출하키로체질 개선해 中저가공세에 대응삼성전자가 구형 D램인 더블데이터레이트(DDR)4 생산을 단계적으로 중단한다. 중국이 값싼 제품을 쏟아내고 있는 저부가가치 시장에서 발을 빼는 대신 고대역폭메모리(HBM), DDR5 등 첨단 제품에 집중하기로 했다.23일 공상시보 등 대만 언론에 따르면 삼성전자는 최근 대만 고객사들에 오는 6월을 끝으로 DDR4와 저전력 제품인 LPDDR4 주문을 받지 않는다고 공지했다. 공상시보는 “삼성전자가 10나노급(1z) 공정에서 LPDDR4 8Gb(기가비트) 생산을 이달 중단한다”고 보도했다.삼성전자가 구형 D램 생산을 중단하기로 한 건 중국의 저가 공세로 수익이 나지 않는 상황에 몰렸기 때문이다. 업계 관계자는 “중국 1위 D램 기업 창신메모리테크놀로지(CXMT)가 범용 D램을 초저가에 쏟아내 시세가 크게 떨어졌다”고 설명했다.최신 HBM 비중이 높은 SK하이닉스와 달리 삼성전자는 범용 D램에서 매출의 80~90%가 나온다. 중국발 저가 공세에 따른 D램 가격 하락에 고스란히 노출됐다는 의미다. 화웨이, 샤오미 등 중국 스마트폰 제조사가 자국산 D램 사용을 늘리는 것도 삼성에 부담이다. 삼성전자 관계자는 “DDR4 등 구형 제품 생산을 줄이는 작업을 하고 있다”며 “고객사 사정에 따라 시점을 조절하고 있다”고 말했다.삼성전자는 구형 D램 시장을 접는 대신 첨단 제품 위주로 체질을 바꾼다는 전략이다. 인공지능(AI) 가속기에 들어가는 HBM이 대표적 사례다. D램을 여러 층으로 쌓는 HBM은 아직 중국이 따라오지 못한 분야다. 마진도 일반 D램보다 다섯 배가량 많다. CXMT가 생산하는 HBM은 2세대 제품인 HBM2로, 최신 HBM3E(5세대)보다 성능 면에서 크게 뒤처진 제품이다.삼성전자는 ‘HBM 큰손’인 미국 엔비디아에 HBM3E 납품을 시도하고 있지만 아직 품질 테스트를 통과하지 못했다. 삼성전자는 “이르면 2분기, 늦어도 하반기부터는 HBM3E 12단 제품 생산을 고객 수요에 맞춰 늘릴 계획”이라고 밝혔다."
"'HBM 주도권' SK하이닉스, 또 삼성전자 영업이익 추월","[앵커]SK하이닉스가 1분기 역대 최대 실적을 썼습니다.게다가 2개 분기 연속 삼성전자 반도체 사업부뿐 아니라 삼성전자 전사 영업이익을 뛰어넘었는데요.HBM 주도권 싸움이 전체 승부를 결정지었다는 분석입니다.김주영 기자입니다.[기자]SK하이닉스가 1분기 약 7조4천억원의 영업이익을 내며 1분기 역대 최대 실적을 썼습니다.분기 기준으로도 역대 최대 실적을 기록한 직전 분기에 이어 두 번째로 높은 매출과 영업이익을 달성했습니다.이로써 SK하이닉스는 삼성전자의 반도체 부문뿐 아니라 전체 사업부 영업이익을 2개 분기 연속 제쳤습니다.역시나 성패는 AI 시대 대세 반도체, HBM이 갈랐습니다.SK하이닉스는 ""1분기는 AI 개발 경쟁과 재고 축적 수요 등이 맞물리며 메모리 시장이 예상보다 빨리 개선되는 모습을 보였다""며 ""이에 맞춰 5세대 HBM 'HBM3E 12단', DDR5 등 고부가가치 제품 판매를 확대했다""고 설명했습니다.강력한 HBM 수요에 힘입어 실제로 SK하이닉스는 이번 1분기 글로벌 D램 시장에서 처음으로 삼성전자를 제치고 점유율 1위에 올랐습니다.반면 삼성전자의 반도체 수장 전영현 부회장은 최근 주주총회에서 ""HBM 트렌드를 늦게 읽는 바람에 초기 시장을 놓쳤지만, 차세대 HBM4와 커스텀 HBM에서는 이와 같은 실수를 범하지 않을 것""이라고 다짐하기도 했습니다.한편 트럼프발 관세 압박에 따른 우려에 SK하이닉스는 ""AI 서버는 상대적으로 관세 영향이 제한적""이라고 진단했습니다.<김양팽 / 산업연구원 전문연구원> ""관세 부담 효과랑은 다르게 늘어나는 수요가 계속 있어서 HBM 자체나 고부가가치 반도체에 있어서는 관세 영향이 그렇게 크지 않을 수도 있다라고 보여집니다. ""SK하이닉스는 오는 2028년까지 HBM 수요가 연평균 약 50% 성장할 것으로 내다봤습니다.<김주영 기자> ""한동안 고부가 HBM 수요가 지속될 것으로 예상되면서 업계도 차세대 HBM 양산 경쟁에 집중할 전망입니다. 연합뉴스TV 김주영입니다.""[영상취재 최승아][영상편집 김 찬][그래픽 우채영]#삼성전자 #SK하이닉스 #HBM연합뉴스TV 기사문의 및 제보 : 카톡/라인 jebo23"
"SK하이닉스, 영업이익 2분기 연속 삼성전자 추월","24일 실적발표 콘퍼런스콜 개최1분기 영업이익 7조4405억 원전년 동기 대비 157.8% 증가2분기에는 8조 원 넘길 듯SK하이닉스는 인공지능(AI) 반도체인 고대역폭 메모리(HBM) 판매 호조로 2분기 연속으로 삼성전자 전체 영업이익을 뛰어넘었다.



SK하이닉스 실적추이. 연합뉴스 그래픽SK하이닉스는 연결 기준 올해 1분기 영업이익이 7조4405억 원으로 지난해 동기보다 157.8% 증가한 것으로 잠정 집계됐다고 24일 공시했다.매출은 17조6391억 원으로 전년 동기 대비 41.9% 증가했다. 순이익은 8조1082억 원으로 323% 늘었다.이번 매출과 영업이익은 분기 기준으로 역대 최고 실적을 달성했던 지난해 4분기(매출 19조7670억 원, 영업이익 8조828억 원)에 이어 역대 두 번째로 높은 성과다.삼성전자의 올해 1분기 잠정 영업이익은 8405억 원 적은 6조6000억 원이다. 시장에서는 이 가운데 DS부문 메모리 사업부의 영업이익을 3조 원 초반 수준으로 추정한다. SK하이닉스는 올해 2분기에도 8조 원 이상의 영업이익을 낼 것으로 예상된다.SK하이닉스의 고공행진은 AI 칩에 쓰이는 HBM에서 시장 지배력을 보다 확대했기 때문이다. 전 세계 HBM 시장 점유율의 절반 이상을 차지하는 SK하이닉스는 30여 년간 ‘메모리 1위’를 지켰던 삼성전자를 제치고 전 세계 D램 시장 1위를 차지했다.SK하이닉스는 “1분기는 AI 개발 경쟁과 재고 축적 수요 등이 맞물리며 메모리 시장이 예상보다 더 빨리 개선되는 모습을 보였다”며 “이에 맞춰 HBM3E 12단, DDR5 등 고부가가치 제품 판매를 확대했다”고 설명했다.HBM의 경우 고객사와 1년 전 공급 물량을 합의하는 제품 특성 때문에 올해는 전년 대비 약 2배 성장할 것으로 내다봤다. SK하이닉스는 HBM3E 12단 판매를 순조롭게 확대해 2분기에는 기존 계획대로 HBM3E 12단의 매출 비중이 HBM3E 전체 매출의 절반 이상이 될 것으로 전망했다.김우현 SK하이닉스 부사장(CFO)은 “‘설비투자 원칙’을 준수하며 수요 가시성이 높고 수익성이 확보된 제품 중심으로 투자 효율성을 한층 더 강화할 것”이라며 “AI 메모리 리더로서 파트너들과 협력을 강화하고 기술 한계를 돌파해 업계 1등 경쟁력을 바탕으로 한 지속적인 이익 창출을 위해 노력하겠다”고 말했다."
"삼성, 구형 D램 생산 중단 수순…HBM·DDR5 등 첨단제품 집중","DDR4 등 10월까지만 출하키로체질 개선해 中저가공세에 대응삼성전자가 구형 D램인 더블데이터레이트(DDR)4 생산을 단계적으로 중단한다. 중국이 값싼 제품을 쏟아내고 있는 저부가가치 시장에서 발을 빼는 대신 고대역폭메모리(HBM), DDR5 등 첨단 제품에 집중하기로 했다.23일 공상시보 등 대만 언론에 따르면 삼성전자는 최근 대만 고객사들에 오는 6월을 끝으로 DDR4와 저전력 제품인 LPDDR4 주문을 받지 않는다고 공지했다. 공상시보는 “삼성전자가 10나노급(1z) 공정에서 LPDDR4 8Gb(기가비트) 생산을 이달 중단한다”고 보도했다.삼성전자가 구형 D램 생산을 중단하기로 한 건 중국의 저가 공세로 수익이 나지 않는 상황에 몰렸기 때문이다. 업계 관계자는 “중국 1위 D램 기업 창신메모리테크놀로지(CXMT)가 범용 D램을 초저가에 쏟아내 시세가 크게 떨어졌다”고 설명했다.최신 HBM 비중이 높은 SK하이닉스와 달리 삼성전자는 범용 D램에서 매출의 80~90%가 나온다. 중국발 저가 공세에 따른 D램 가격 하락에 고스란히 노출됐다는 의미다. 화웨이, 샤오미 등 중국 스마트폰 제조사가 자국산 D램 사용을 늘리는 것도 삼성에 부담이다. 삼성전자 관계자는 “DDR4 등 구형 제품 생산을 줄이는 작업을 하고 있다”며 “고객사 사정에 따라 시점을 조절하고 있다”고 말했다.삼성전자는 구형 D램 시장을 접는 대신 첨단 제품 위주로 체질을 바꾼다는 전략이다. 인공지능(AI) 가속기에 들어가는 HBM이 대표적 사례다. D램을 여러 층으로 쌓는 HBM은 아직 중국이 따라오지 못한 분야다. 마진도 일반 D램보다 다섯 배가량 많다. CXMT가 생산하는 HBM은 2세대 제품인 HBM2로, 최신 HBM3E(5세대)보다 성능 면에서 크게 뒤처진 제품이다.삼성전자는 ‘HBM 큰손’인 미국 엔비디아에 HBM3E 납품을 시도하고 있지만 아직 품질 테스트를 통과하지 못했다. 삼성전자는 “이르면 2분기, 늦어도 하반기부터는 HBM3E 12단 제품 생산을 고객 수요에 맞춰 늘릴 계획”이라고 밝혔다."
"삼성전자, MIT·스탠퍼드大와 '미래 기술 동맹'","로봇·차세대 통신 등 신산업美 명문대 손잡고 '난제' 해결삼성전자가 스탠퍼드대, 매사추세츠공과대(MIT) 등 북미 최고 명문 공대와 ‘기술 동맹’을 맺고 로봇, 디지털 헬스케어 같은 미래 첨단기술을 함께 개발한다. ‘인간의 감정을 느낄 수 있는 로봇’ 등 삼성전자가 혼자 개발하기 힘든 기술적 난제를 풀기 위해 세계 최고 두뇌들과 손을 잡은 것이다. 22일 산업계에 따르면 삼성전자는 최근 북미 명문대와 미래 기술을 함께 개발하는 ‘START’(STrategic Alliance for Research and Technology·전략적 기술 동맹) 프로젝트를 시작했다. 이 프로젝트는 삼성전자가 매년 한 차례 미래 사업 분야의 기술적 난제를 적시하면, 제휴를 맺은 명문 공대 연구실이 해결책을 제시하는 식으로 진행된다. 프로젝트 수행에 들어가는 각종 비용은 삼성전자가 지원한다.올해 START 프로젝트는 로봇, 디지털 헬스케어, 6세대(6G) 이동통신, 멀티모달 인공지능(AI), 차세대 카메라 등 삼성전자의 5개 신사업 분야를 중심으로 이뤄진다. 삼성전자는 이들 프로젝트와 관련해 MIT, 스탠퍼드대, 캘리포니아공과대, UC버클리 등이 제출한 연구계획서의 적정성 등을 검토 중인 것으로 알려졌다. 파트너 대학은 오는 6월 최종 확정한다. 삼성전자 관계자는 “북미 선도 대학이 보유한 차세대 기술을 삼성의 미래 기기에 맞춤형으로 적용하는 게 START 프로젝트의 목적”이라고 설명했다."
"삼성전자, 구독 가전 고장 미리 잡는 ‘AI 사전 케어 알림’ 서비스 시작","AI가 이상 감지해 상담까지 연결에어컨·냉장고 등 10종 적용월간 리포트로 사용 패턴 분석



 삼성 ‘AI 구독클럽’ 가입 고객이 ‘AI 사전 케어 알림’ 서비스를 받고 제품을 살펴보고 있다. 삼성전자삼성전자가 인공지능(AI) 기반 ‘사전 케어 알림’ 서비스로 구독형 가전 관리 사업을 강화한다고 21일 밝혔다.‘AI 사전 케어 알림’은 삼성전자가 AI로 원격진단 데이터를 분석해 이상 징후를 감지하면 고객에게 푸시 알림을 보내고 전문 상담사가 유선으로 진단 내용을 안내하는 서비스다. 제품은 스마트싱스에 연결돼 있어야 한다.삼성전자서비스 전문 상담사가 ▲AI 진단 내용 설명 ▲기기 상태 확인 ▲방문 수리 예약까지 지원해준다. 고객이 직접 사후관리(A/S)를 신청할 필요가 없어 번거로움을 줄였다.냉장고 온도 이상, 에어컨 냉매 부족처럼 고장으로 이어질 수 있는 증상을 조기에 감지해 시간과 비용을 아낄 수 있다는 점도 강점이다. 에어컨 등 계절 가전은 성수기 이전에 진단과 수리를 받을 수 있어 더욱 유용하다.‘AI 사전 케어 알림’은 현재 에어컨, 세탁기, 건조기, 냉장고, 김치냉장고, 식기세척기, 인덕션, 오븐, 로봇청소기, 에어드레서 등 총 10개 품목에 도입됐다.AI는 ▲에어컨 냉매 부족 예상 ▲냉장실 이상 고온 감지 ▲세탁기 통신 모듈 점검 등 24가지 이상 증상을 진단할 수 있다.이 서비스는 ‘AI 구독클럽’ 가입 고객을 대상으로 별도 요금 없이 제공된다. 사전 동의한 개인정보 수집·이용 범위 내에서 운영된다. 수신을 원하지 않을 경우 언제든 차단할 수 있다.AI 구독클럽 고객은 진단 결과, 기기 사용 패턴, 에너지 사용량 등을 포함한 ‘월간 케어 리포트’도 월 1회 받아볼 수 있다.삼성전자는 구독형 가전 서비스를 고도화하기 위해 올해 초 삼성전자판매, 삼성전자서비스, 삼성전자로지텍 등 계열사 내에 구독 전담 조직을 꾸리고 협업 체계를 강화했다."
"엔비디아 100달러 붕괴에…삼성전자·SK하이닉스, 동반 약세[특징주]",[이데일리 김응태 기자] 삼성전자와 SK하이닉스가 장 초반 약세다. 도널드 트럼프 미국 행정부의 수출 규제 여파에 인공지능(AI) 반도체 대장주인 엔비디아의 주가가 급락한 영향을 받은 것으로 풀이된다. 22일 엠피닥터에 따르면 오전 9시12분 삼성전자(005930)는 전날 대비 0.54% 내린 5만5100원에 거래되고 있다.SK하이닉스(000660)는 전거래일 대비 0.91% 밀린 17만5000원에 거래 중이다.삼성전자와 SK하이닉스가 동반 약세를 띠는 것은 엔비디아의 주가 하락으로 반도체주 전반에서 투자심리가 위축됐기 때문으로 분석된다. 간밤 뉴욕증시에서 엔비디아는 전거래일 대비 4.51% 내린 96.91달러로 마감했다. 13일 만에 종가 기준 100달러선이 무너졌다.엔비디아는 트럼프 미국 행정부가 중국용 AI 칩인 ‘H20’을 수출을 규제하면서 주가가 급락한 것으로 분석된다. 김석환 미래에셋증권 연구원은 “엔비디아는 트럼프 대통령의 수출 제한과 중국 AI 그래픽처리장치(GPU) 경쟁 등이 부정적인 영향을 미쳤다”며 “기술 분야의 무역 전쟁도 주가에 부담을 줬다”고 밝혔다.
4월 반도체 수출 선방…삼성전자·SK하이닉스 동반 강세[특징주],"[이데일리 김응태 기자] 4월 반도체 수출액이 견조한 흐름을 보이면서 삼성전자와 SK하이닉스가 장 초반 강세다. 21일 엠피닥터에 따르면 오전 9시42분 삼성전자(005930)는 전거래일 대비 1.08% 오른 5만5900원에 거래되고 있다.SK하이닉스(000660)는 전장 대비 2.51% 상승한 17만9400원에 거래 중이다.반도체 관련주가 장 초반 상승세가 두드러진 것은 4월 수출 흐름이 견조했기 덕분으로 풀이된다. 관세청에 따르면 이달 1~20일 수출액이 339억달러를 기록해 전년 대비 5.2% 감소한 것으로 집계됐다. 전체 수출액이 감소했지만, 주요 10개 수출품 중 반도체 수출액만 증가한 것으로 집계됐다. 반도체 수출액은 전년 대비 10.7% 증가한 것으로 확인됐다."
